label,area_cm2,mass_g,mass_extracted_g,leaves_extracted,extractionFailed,rewashed,leaf_broken,slaOnly,region,site,species,indiv,notes
1_1_1_1,0.1967842573,0.0092,0.042,4,,,,,1,1,1,1,
1_1_1_2,0.2519798416,0.0093,0.041,3,,,,,1,1,1,2,
1_1_1_3,0.2999760019,0.0092,0.038,4,,,,,1,1,1,3,
1_1_1_4,0.2231821454,0.0105,0.043,3,,,,,1,1,1,4,
1_1_1_5,0.1943844492,0.0088,0.042,3,,,,,1,1,1,5,
1_1_1_6,0.3911687065,0.0125,0.042,2,,,,,1,1,1,6,
1_1_1_7,0.4055675546,0.0069,0.043,3,,,,,1,1,1,7,
1_1_1_8,NA,NA,NA,NA,,,,,1,1,1,8,
1_1_1_9,NA,NA,NA,NA,,,,,1,1,1,9,
1_1_1_10,NA,NA,NA,NA,,,,,1,1,1,10,
1_1_2_1,0.1103911687,0.0017,0.045,10,,,,,1,1,2,1,
1_1_2_2,0.1175905928,0.0029,0.033,6,,,,,1,1,2,2,
1_1_2_3,0.1655867531,0.0035,0.021,6,,,,,1,1,2,3,
1_1_2_4,0.09119270458,0.0011,0.027,6,,,,,1,1,2,4,
1_1_2_5,0.158387329,0.0039,0.029,7,,,,,1,1,2,5,
1_1_2_6,0.2111831054,0.0052,0.043,5,,,,,1,1,2,6,
1_1_2_7,0.08879289657,0.0015,0.029,6,,,,,1,1,2,7,
1_1_2_8,0.1151907847,0.0028,0.04,5,,,,,1,1,2,8,
1_1_2_9,0.1055915527,0.0028,0.024,6,,,,,1,1,2,9,
1_1_2_10,NA,NA,NA,NA,,,,,1,1,2,10,
1_1_3_1,0.123,0.001,0.049,10,,,,,1,1,3,1,
1_1_3_2,0.14,0.0015,0.05,9,,,,,1,1,3,2,
1_1_3_3,0.08,0.001,0.043,11,,,,,1,1,3,3,
1_1_3_4,0.16,0.0015,0.049,14,,,,,1,1,3,4,
1_1_3_5,0.17,0.0015,0.045,11,,,,,1,1,3,5,
1_1_3_6,0.11,0.0013,0.045,14,,,,,1,1,3,6,
1_1_3_7,0.13,0.0015,0.047,11,,,,,1,1,3,7,
1_1_3_8,0.13,0.0013,0.049,11,,,,,1,1,3,8,
1_1_3_9,0.08,0.0008,0.045,10,,,,,1,1,3,9,
1_1_3_10,0.07,0.0007,0.045,18,,,,,1,1,3,10,
1_1_4_1,NA,NA,0.049,3,,,,,1,1,4,1,
1_1_4_2,1.027837773,0.094,0.048,2,,,,,1,1,4,2,
1_1_4_3,NA,NA,0.045,1,,,,,1,1,4,3,
1_1_4_4,1.385169186,0.078,0.044,1,,,,,1,1,4,4,
1_1_4_5,1.164146868,0.077,0.05,2,,,,,1,1,4,5,
1_1_4_6,2.382289417,0.0163,0.049,1,,,,,1,1,4,6,
1_1_4_7,1.806815455,0.0106,0.044,1,,,,,1,1,4,7,
1_1_4_8,1.496520278,0.0091,0.048,1,,,,,1,1,4,8,
1_1_4_9,1.881689465,0.0144,0.043,1,,,,,1,1,4,9,
1_1_4_10,NA,NA,0.049,1,,,,,1,1,4,10,
1_1_5_1,0.3342932565,0.0044,0.043,1,,,,,1,1,5,1,
1_1_5_2,0.4998800096,0.0037,0.043,1,,,,,1,1,5,2,
1_1_5_3,0.476361891,0.0039,0.047,1,,,,,1,1,5,3,
1_1_5_4,NA,NA,0.049,1,,,,,1,1,5,4,
1_1_5_5,0.1627069834,0.0012,0.047,1,,,,,1,1,5,5,
1_1_5_6,1.038156947,0.0091,0.047,1,,,,,1,1,5,6,
1_1_5_7,0.6021118311,0.0036,0.047,1,,,,,1,1,5,7,
1_1_5_8,0.2966162707,0.0022,0.047,1,,,,,1,1,5,8,
1_1_5_9,0.2930165587,0.0024,0.045,1,,,,,1,1,5,9,
1_1_5_10,NA,NA,0.046,1,,,,,1,1,5,10,
1_1_6_1,4.063114951,0.0571,0.05,1,yes,,,,1,1,6,1,
1_1_6_2,3.553635709,0.0637,0.045,1,,,,,1,1,6,2,
1_1_6_3,1.671466283,0.0117,0.047,1,,,,,1,1,6,3,
1_1_6_4,NA,NA,0.048,1,,,,,1,1,6,4,
1_1_6_5,NA,NA,0.045,1,,,,,1,1,6,5,
1_1_6_6,NA,NA,0.048,1,,,,,1,1,6,6,
1_1_6_7,NA,NA,0.047,1,,,,,1,1,6,7,
1_1_6_8,NA,NA,0.047,1,,,,,1,1,6,8,
1_1_6_9,NA,NA,0.045,1,,,,,1,1,6,9,
1_1_6_10,NA,NA,0.049,1,,,,,1,1,6,10,
1_1_7_1,0.02495800336,NA,0.047,45,,,,,1,1,7,1,
1_1_7_2,0.02159827214,NA,0.046,50,,,,,1,1,7,2,
1_1_7_3,0.0158387329,NA,0.048,22,,,,,1,1,7,3,
1_1_7_4,0.05207583393,NA,0.049,29,,,,,1,1,7,4,
1_1_7_5,0.01871850252,NA,0.049,42,,,,,1,1,7,5,
1_1_7_6,0.02423806096,NA,0.049,29,,,,,1,1,7,6,
1_1_7_7,0.03575713943,NA,0.047,58,,,,,1,1,7,7,
1_1_7_8,0.031437485,NA,0.048,24,,,,,1,1,7,8,
1_1_7_9,0.04919606431,NA,0.048,20,,,,,1,1,7,9,
1_1_7_10,0.02951763859,NA,0.05,38,,,,,1,1,7,10,
1_2_1_1,15.41,0.0927,0.046,partial,,,,slaOnly,1,2,1,1,
1_2_1_2,8.94,0.0306,0.05,partial,,,,slaOnly,1,2,1,2,
1_2_1_3,19.82,0.0996,0.047,partial,,,,slaOnly,1,2,1,3,
1_2_1_4,10.1,0.0555,0.048,partial,,,,slaOnly,1,2,1,4,
1_2_1_5,9.41,0.0423,0.043,partial,,,,slaOnly,1,2,1,5,
1_2_1_6,NA,NA,0.049,partial,,,,slaOnly,1,2,1,6,
1_2_1_7,10.41,0.0713,0.05,partial,,,,slaOnly,1,2,1,7,
1_2_1_8,11.06,0.059,0.044,partial,,,,slaOnly,1,2,1,8,
1_2_1_9,12.9,0.0735,0.046,partial,,,,slaOnly,1,2,1,9,
1_2_1_10,9.07,0.0721,0.05,partial,,,,slaOnly,1,2,1,10,
1_2_2_1,0.73,0.0063,0.045,partial,,,,,1,2,2,1,
1_2_2_2,0.83,0.0094,0.05,partial,,,,,1,2,2,2,
1_2_2_3,1.06,0.0112,0.046,partial,,,,,1,2,2,3,
1_2_2_4,0.6,0.0078,0.048,partial,,,,,1,2,2,4,
1_2_2_5,0.62,0.0087,0.046,partial,,,,,1,2,2,5,
1_2_2_6,0.48,0.0087,0.046,partial,,,,,1,2,2,6,
1_2_2_7,0.52,0.0093,0.045,partial,,,,,1,2,2,7,
1_2_2_8,1.1,0.0262,0.049,partial,,,,,1,2,2,8,
1_2_2_9,0.58,0.0069,0.05,partial,,,,,1,2,2,9,
1_2_2_10,0.67,0.0103,0.047,partial,,,,,1,2,2,10,
1_2_3_1,4.16,0.0161,0.048,partial,,,,,1,2,3,1,
1_2_3_2,4.46,0.0166,0.044,partial,,,,,1,2,3,2,
1_2_3_3,3.08,0.0134,0.043,partial,,,,,1,2,3,3,
1_2_3_4,3.07,0.0164,0.047,partial,,,,,1,2,3,4,
1_2_3_5,4.645068395,NA,0.044,partial,,,,,1,2,3,5,
1_2_3_6,8.215982721,NA,0.046,partial,,,,,1,2,3,6,
1_2_3_7,3.012718982,NA,0.049,partial,,,,,1,2,3,7,
1_2_3_8,2.738420926,NA,0.044,partial,,,,,1,2,3,8,
1_2_3_9,10.02,NA,0.046,partial,,,,,1,2,3,9,
1_2_3_10,5.92,0.0224,0.045,partial,,,,,1,2,3,10,
1_2_4_1,0.13,0.0036,0.0327,5,,,,,1,2,4,1,
1_2_4_2,0.13,0.0033,0.0304,3,,,,,1,2,4,2,
1_2_4_3,0.11,0.0024,0.0348,8,,,,,1,2,4,3,
1_2_4_4,0.13,0.0028,0.036,5,,,,,1,2,4,4,
1_2_4_5,0.11,0.0036,0.0404,4,,,,,1,2,4,5,
1_2_4_6,0.16,0.0038,0.0418,6,,,,,1,2,4,6,
1_2_4_7,0.097,0.0022,0.0299,4,,,,,1,2,4,7,
1_2_4_8,0.09,0.0026,0.0333,7,,,,,1,2,4,8,
1_2_4_9,0.11,0.0019,0.0316,9,,,,,1,2,4,9,
1_2_4_10,0.11,0.0034,0.0352,7,,,,,1,2,4,10,
1_2_5_1,0.26,0.0046,0.0293,3,,,,,1,2,5,1,
1_2_5_2,0.31,0.0076,0.0406,4,,,,,1,2,5,2,
1_2_5_3,0.34,0.0109,0.0444,2,,,,,1,2,5,3,
1_2_5_4,0.2,0.0039,0.039,3,,,,,1,2,5,4,
1_2_5_5,0.34,0.0084,0.0408,3,,,,,1,2,5,5,
1_2_5_6,0.23,0.0046,0.035,4,,,,,1,2,5,6,
1_2_5_7,0.3,0.0068,0.0407,3,,,,,1,2,5,7,
1_2_5_8,0.38,0.0118,0.478,3,,,,,1,2,5,8,
1_2_5_9,0.38,0.011,0.0463,3,,,,,1,2,5,9,
1_2_5_10,0.3,0.0057,0.0425,3,,,,,1,2,5,10,
1_2_6_1,8.18574514,0.0703,0.046,partial,,,,,1,2,6,1,
1_2_6_2,7.187425006,0.0562,0.048,partial,,,,,1,2,6,2,
1_2_6_3,9.11687065,0.057,0.048,partial,,,,,1,2,6,3,
1_2_6_4,10.79673626,0.0838,0.045,partial,,,,,1,2,6,4,
1_2_6_5,5.358771298,0.0498,0.046,partial,,,,,1,2,6,5,
1_2_6_6,7.523398128,0.0636,0.047,partial,,,,,1,2,6,6,
1_2_6_7,6.767458603,0.0515,0.044,partial,,,,,1,2,6,7,
1_2_6_8,10.61915047,0.0748,0.044,partial,,,,,1,2,6,8,
1_2_6_9,4.228461723,0.0284,0.05,partial,,,yes,,1,2,6,9,
1_2_6_10,4.826013919,0.0356,0.045,partial,,,,,1,2,6,10,
1_2_7_1,6.89,0.0517,0.045,partial,,,,,1,2,7,1,
1_2_7_2,8.24,0.0609,0.045,partial,,,,,1,2,7,2,
1_2_7_3,9.16,0.0756,0.046,partial,,,,,1,2,7,3,
1_2_7_4,11.03,0.0958,0.05,partial,,,,,1,2,7,4,
1_2_7_5,8.95,0.0956,0.048,partial,,,,,1,2,7,5,
1_2_7_6,7.73,0.0705,0.046,partial,,,,,1,2,7,6,
1_2_7_7,7.3,0.0631,0.05,partial,,,,,1,2,7,7,
1_2_7_8,9.22,0.0809,0.048,partial,,,,,1,2,7,8,
1_2_7_9,14.59,0.0945,0.05,partial,,,,,1,2,7,9,
1_2_7_10,8.34,0.0668,0.049,partial,,,,,1,2,7,10,
1_3_1_1,0.24,0.0061,0.046,7,,,,,1,3,1,1,
1_3_1_2,0.14,0.0026,0.048,6,,,,,1,3,1,2,
1_3_1_3,0.22,0.0075,0.05,5,,,,,1,3,1,3,
1_3_1_4,0.15,0.0037,0.046,7,,,,,1,3,1,4,
1_3_1_5,0.14,0.0052,0.49,5,,,,,1,3,1,5,
1_3_1_6,0.13,0.0032,0.046,7,,,,,1,3,1,6,
1_3_1_7,0.15,0.0041,0.047,6,,,,,1,3,1,7,
1_3_1_8,0.14,0.0037,0.048,7,,,,,1,3,1,8,
1_3_1_9,0.13,0.0038,0.048,9,,,,,1,3,1,9,
1_3_1_10,0.18,0.0048,0.048,8,,,,,1,3,1,10,
1_3_2_1,0.495800336,0.0018,0.0334,8,,,no,,1,3,2,1,
1_3_2_2,0.4900407967,0.0017,0.0382,7,,,yes,,1,3,2,2,
1_3_2_3,0.7744180466,0.0044,0.0433,6,,,no,,1,3,2,3,
1_3_2_4,0.8039356851,NA,0.0376,5,,,,,1,3,2,4,
1_3_2_5,0.6335493161,0.0026,0.0333,5,,,no,,1,3,2,5,
1_3_2_6,0.4924406048,0.0031,0.0331,6,,,no,,1,3,2,6,
1_3_2_7,0.5766738661,0.0037,0.0338,6,,,no,,1,3,2,7,
1_3_2_8,0.5358771298,0.0029,0.0325,6,,,no,,1,3,2,8,
1_3_2_9,0.7151427886,NA,0.0474,5,,,yes,,1,3,2,9,
1_3_2_10,0.5728341733,0.0034,0.0327,6,,,no,,1,3,2,10,
1_3_3_1,1.16,0.035,0.0224,partial,,,,,1,3,3,1,
1_3_3_2,1.22,0.0414,0.0313,partial,,,,,1,3,3,2,
1_3_3_3,1.21,0.0345,0.0243,partial,,,,,1,3,3,3,
1_3_3_4,0.73,0.0219,0.0271,partial,,,,,1,3,3,4,
1_3_3_5,0.58,0.0173,0.0292,partial,,,,,1,3,3,5,
1_3_3_6,0.93,0.0512,0.0457,partial,,,,,1,3,3,6,
1_3_3_7,1.42,0.042,0.0365,partial,,,,,1,3,3,7,
1_3_3_8,1.05,0.0295,0.0277,partial,,,,,1,3,3,8,
1_3_3_9,1.05,0.0347,0.0415,partial,,,,,1,3,3,9,
1_3_3_10,1.28,0.0307,0.0496,partial,,,,,1,3,3,10,
1_3_4_1,0.8279337653,0.0022,0.0268,7,,,no,,1,3,4,1,
1_3_4_2,1.699064075,0.0043,0.0345,6,,,no,,1,3,4,2,
1_3_4_3,1.231101512,0.0044,0.0248,4,,,no,,1,3,4,3,
1_3_4_4,1.54787617,0.0038,0.0299,6,,,no,,1,3,4,4,
1_3_4_5,0.9119270458,0.0019,0.0251,6,,,no,,1,3,4,5,
1_3_4_6,1.413486921,0.0039,0.0276,5,,,no,,1,3,4,6,
1_3_4_7,1.334293257,0.0028,0.0272,5,,,no,,1,3,4,7,
1_3_4_8,1.084713223,0.0038,0.0248,6,,,no,,1,3,4,8,
1_3_4_9,1.670266379,0.0041,0.0254,6,,,no,,1,3,4,9,
1_3_4_10,1.471082313,0.003,0.0235,4,,,no,,1,3,4,10,
1_3_5_1,0.9908807295,0.0089,0.0408,2,,,,,1,3,5,1,
1_3_5_2,1.275977922,0.0083,0.0448,2,,,,,1,3,5,2,
1_3_5_3,0.7928965683,0.0066,0.0361,3,,,,,1,3,5,3,
1_3_5_4,0.6321094312,0.0037,0.0262,4,,,,,1,3,5,4,
1_3_5_5,0.5387568994,0.0047,0.0272,2,,,,,1,3,5,5,
1_3_5_6,1.316534677,0.0102,0.0412,2,,,,,1,3,5,6,
1_3_5_7,0.8965682745,0.0083,0.0347,3,,,,,1,3,5,7,
1_3_5_8,0.348212143,0.0031,0.0212,7,,,,,1,3,5,8,
1_3_5_9,1.90712743,0.0131,0.0458,1,,,,,1,3,5,9,
1_3_5_10,1.074394048,0.0093,0.036,3,,,,,1,3,5,10,
2_1_1_1,4.95800336,0.0186,0.0452,partial,,,yes,,2,1,1,1,
2_1_1_2,6.301895848,0.0149,0.0392,partial,,yes,no,,2,1,1,2,
2_1_1_3,5.445164387,0.015,0.0339,partial,,,no,,2,1,1,3,
2_1_1_4,2.997360211,0.0096,0.0307,partial,,,yes,,2,1,1,4,
2_1_1_5,3.722102232,0.0136,0.0341,partial,,,no,,2,1,1,5,
2_1_1_6,4.422846172,0.0116,0.0433,partial,,,no,,2,1,1,6,
2_1_1_7,2.50299976,0.0089,0.0363,partial,,,no,,2,1,1,7,
2_1_1_8,5.874730022,0.0125,0.0279,partial,,,no,,2,1,1,8,
2_1_1_9,4.269258459,0.0124,0.0292,1,,,no,,2,1,1,9,
2_1_1_10,2.392608591,0.0061,0.0252,1,,,no,,2,1,1,10,
2_1_2_1,0.34,0.0061,0.0474,2,,,,,2,1,2,1,
2_1_2_2,1.01,0.0228,0.0428,1,,,,,2,1,2,2,
2_1_2_3,0.69,0.012,0.0295,1,,,,,2,1,2,3,
2_1_2_4,0.72,0.0169,0.0324,1,,,,,2,1,2,4,
2_1_2_5,0.47,0.0086,0.0285,2,,,,,2,1,2,5,
2_1_2_6,0.53,0.0082,0.0232,1,,,,,2,1,2,6,
2_1_2_7,0.69,0.0138,0.0356,2,,,,,2,1,2,7,
2_1_2_8,0.71,0.0131,0.0251,1,,,,,2,1,2,8,
2_1_2_9,0.74,0.0149,0.0277,1,,,,,2,1,2,9,
2_1_2_10,0.7,0.0134,0.0292,1,,,,,2,1,2,10,
2_1_3_1,0.64,0.0089,0.0316,1,,,,,2,1,3,1,
2_1_3_2,0.85,0.0066,0.0419,2,,,,,2,1,3,2,
2_1_3_3,1.15,0.0118,0.0373,2,,,,,2,1,3,3,
2_1_3_4,1.14,0.0045,0.0341,1,,,,,2,1,3,4,
2_1_3_5,0.39,0.005,0.0479,2,,,,,2,1,3,5,
2_1_3_6,0.95,0.0078,0.0362,2,,,,,2,1,3,6,
2_1_3_7,0.69,0.0097,0.0325,1,,,,,2,1,3,7,
2_1_3_8,0.96,0.0093,0.0452,1,,,,,2,1,3,8,
2_1_3_9,1.8,0.0209,0.0343,1,,,,,2,1,3,9,
2_1_3_10,1.06,0.0111,0.0438,1,,,,,2,1,3,10,
2_1_4_1,0.12,0.0041,0.0314,6,,,,,2,1,4,1,
2_1_4_2,0.23,0.0082,0.0468,6,,,,,2,1,4,2,
2_1_4_3,0.197,0.0064,0.0336,2,,,,,2,1,4,3,
2_1_4_4,0.18,0.0045,0.0359,5,,,,,2,1,4,4,
2_1_4_5,0.18,0.0054,0.0354,3,,,,,2,1,4,5,
2_1_4_6,0.099,0.0027,0.0413,3,,yes,,,2,1,4,6,
2_1_4_7,0.12,0.0031,0.0307,3,,,,,2,1,4,7,
2_1_4_8,0.099,0.0036,0.0316,4,,,,,2,1,4,8,
2_1_4_9,0.17,0.0078,0.0406,3,,,,,2,1,4,9,
2_1_4_10,0.11,0.0043,0.0364,2,,,,,2,1,4,10,
2_1_5_1,20.06719462,0.0829,0.0299,partial,,,,,2,1,5,1,
2_1_5_2,14.21406287,0.067,0.0373,partial,,,,,2,1,5,2,
2_1_5_3,13.06455484,0.411,0.0221,partial,,,,,2,1,5,3,
2_1_5_4,26.60427166,NA,0.0311,partial,,,,,2,1,5,4,
2_1_5_5,6.909047276,NA,0.0441,partial,,,,,2,1,5,5,
2_1_5_6,9.179265659,0.0254,0.0268,partial,,,,,2,1,5,6,
2_1_5_7,25.25317975,NA,0.0399,partial,,,,,2,1,5,7,
2_1_5_8,6.088312935,NA,0.0433,partial,,,,,2,1,5,8,
2_1_5_9,21.8262539,0.0744,0.0415,partial,,,,,2,1,5,9,
2_1_5_10,8.351331893,NA,0.0446,partial,,,,,2,1,5,10,
2_1_6_1,3.86,0.0128,0.028,partial,,,,,2,1,6,1,
2_1_6_2,3.62,0.0142,0.0344,1,,,,,2,1,6,2,
2_1_6_3,5.84,0.0242,0.0426,partial,,,,,2,1,6,3,
2_1_6_4,8.4,0.0426,0.0215,partial,,,,,2,1,6,4,
2_1_6_5,1.87,0.0068,0.0444,1,,,,,2,1,6,5,
2_1_6_6,7.58,0.0301,0.0457,partial,,,,,2,1,6,6,
2_1_6_7,3.2,0.0129,0.0308,1,,,,,2,1,6,7,
2_1_6_8,2.34,0.0056,0.0257,1,,,,,2,1,6,8,
2_1_6_9,3.62,0.0147,0.0366,1,,,,,2,1,6,9,
2_1_6_10,4.72,0.017,0.0417,6,,,,,2,1,6,10,
2_2_1_1,0.4,0.0094,0.0351,2,,,,,2,2,1,1,
2_2_1_2,0.37,0.0146,0.0313,1,,,,,2,2,1,2,
2_2_1_3,0.52,0.0154,0.0283,1,,,,,2,2,1,3,
2_2_1_4,0.86,0.0218,0.0372,1,,,,,2,2,1,4,
2_2_1_5,0.45,0.0138,0.0364,2,,,,,2,2,1,5,
2_2_1_6,0.37,0.0099,0.0299,2,,,,,2,2,1,6,
2_2_1_7,0.43,0.0121,0.0458,2,,,,,2,2,1,7,
2_2_1_8,0.7,0.0204,0.0246,1,,,,,2,2,1,8,
2_2_1_9,0.56,0.0154,0.0301,2,,,,,2,2,1,9,
2_2_1_10,0.58,0.0168,0.0481,2,yes,yes,,,2,2,1,10,
2_2_2_1,16.38588913,0.16,0.0313,partial,,,yes,,2,2,2,1,
2_2_2_2,9.164866811,0.0801,0.0316,partial,,,,,2,2,2,2,
2_2_2_3,21.25029998,0.1547,0.0239,partial,,,yes,,2,2,2,3,
2_2_2_4,15.63714903,0.1109,0.0228,partial,,,yes,,2,2,2,4,
2_2_2_5,16.60907127,0.1166,0.0242,partial,yes,,yes,,2,2,2,5,
2_2_2_6,15.1787857,0.1338,0.0416,partial,,,yes,,2,2,2,6,
2_2_2_7,22.11663067,0.1604,0.0273,partial,yes,,yes,,2,2,2,7,
2_2_2_8,26.34989201,0.1909,0.0349,partial,,,yes,,2,2,2,8,
2_2_2_9,17.16102712,0.173,0.0352,partial,,,yes,,2,2,2,9,
2_2_2_10,14.4324454,0.1227,0.0279,partial,,,yes,,2,2,2,10,
2_2_3_1,12.43340533,0.0724,0.0262,partial,yes,,,,2,2,3,1,
2_2_3_2,27.64578834,0.1633,0.0404,partial,,,,,2,2,3,2,
2_2_3_3,20.79433645,NA,0.0373,partial,,,,,2,2,3,3,
2_2_3_4,30.54715623,0.1827,0.0322,partial,,,,,2,2,3,4,
2_2_3_5,31.84785217,NA,0.0448,partial,,,,,2,2,3,5,
2_2_3_6,25.5075594,0.1353,0.0252,partial,,,,,2,2,3,6,
2_2_3_7,22.96616271,NA,0.026,partial,,,,,2,2,3,7,
2_2_3_8,17.61699064,NA,0.0215,partial,,,,,2,2,3,8,
2_2_3_9,19.61363091,NA,0.0221,partial,,,,,2,2,3,9,
2_2_3_10,22.32541397,0.1632,0.0274,partial,,,,,2,2,3,10,
2_2_4_1,3.201343892,NA,0.0378,1,,,yes,,2,2,4,1,
2_2_4_2,13.59491241,0.0396,0.0288,partial,,,yes,,2,2,4,2,
2_2_4_3,4.197264219,NA,0.0266,1,,,yes,,2,2,4,3,
2_2_4_4,3.726901848,NA,0.0321,1,,,yes,,2,2,4,4,
2_2_4_5,6.861051116,NA,0.0223,1,,,yes,,2,2,4,5,
2_2_4_6,2.47900168,NA,0.0413,1,,,yes,,2,2,4,6,
2_2_4_7,3.902087833,NA,0.0401,1,,,yes,,2,2,4,7,
2_2_4_8,11.38468922,NA,0.0335,1,,,yes,,2,2,4,8,
2_2_4_9,3.465322774,NA,0.0241,2,,,yes,,2,2,4,9,
2_2_4_10,5.082793377,NA,0.0382,1,,,yes,,2,2,4,10,
2_2_5_1,17.31701464,0.0974,0.0215,partial,,,,,2,2,5,1,
2_2_5_2,13.72690185,0.072,0.0249,partial,,,,,2,2,5,2,
2_2_5_3,11.12071034,0.0627,0.0222,partial,,,yes,,2,2,5,3,
2_2_5_4,12.06863451,0.0533,0.0309,partial,,,yes,,2,2,5,4,
2_2_5_5,6.282697384,0.0316,0.0291,partial,,,,,2,2,5,5,
2_2_5_6,15.57955364,0.0662,0.0323,partial,,,yes,,2,2,5,6,
2_2_5_7,12.33741301,0.0577,0.0354,partial,,,yes,,2,2,5,7,
2_2_5_8,26.65946724,0.0945,0.0292,partial,,,yes,,2,2,5,8,
2_2_5_9,20.65514759,0.063,0.0419,partial,,,yes,,2,2,5,9,
2_2_5_10,10.23518119,0.0292,0.0239,partial,,,yes,,2,2,5,10,
2_2_6_1,5.656347492,NA,0.0292,partial,,,,,2,2,6,1,
2_2_6_2,5.0299976,NA,0.0462,partial,,,,,2,2,6,2,
2_2_6_3,4.974802016,NA,0.0321,partial,,,,,2,2,6,3,
2_2_6_4,2.951763859,NA,0.0246,partial,,,,,2,2,6,4,
2_2_6_5,3.162946964,NA,0.0352,partial,,,,,2,2,6,5,
2_2_6_6,7.878569714,NA,0.0368,partial,,,,,2,2,6,6,
2_2_6_7,7.727381809,NA,0.0439,partial,,,,,2,2,6,7,
2_2_6_8,11.60547156,NA,0.033,partial,,,,,2,2,6,8,
2_2_6_9,4.665226782,NA,0.0321,partial,,,,,2,2,6,9,
2_2_6_10,7.141828654,NA,0.0241,partial,,,,,2,2,6,10,
2_2_7_1,201.6654668,0.8,0.0363,partial,,,yes,,2,2,7,1,
2_2_7_2,85.21238301,0.26,0.0364,partial,,,yes,,2,2,7,2,
2_2_7_3,199.150468,0.78,0.0221,partial,,,yes,,2,2,7,3,
2_2_7_4,275.2771778,1.01,0.0249,partial,,,yes,,2,2,7,4,
2_2_7_5,114.4852412,0.4936,0.0358,partial,,,,,2,2,7,5,
2_2_7_6,203.9044876,0.7426,0.0238,partial,,,,,2,2,7,6,
2_2_7_7,211.324694,0.8765,0.0332,partial,,,,,2,2,7,7,
2_2_7_8,323.7077034,1.3851,0.0381,partial,,,,,2,2,7,8,
2_2_7_9,221.0199184,1.0017,0.0393,partial,,,,,2,2,7,9,
2_2_7_10,133.762899,0.5789,0.0289,partial,,,,,2,2,7,10,
2_3_1_1,0.26,0.0084,0.0388,2,yes,,,,2,3,1,1,
2_3_1_2,0.34,0.0101,0.0271,2,,,,,2,3,1,2,
2_3_1_3,0.34,0.0115,0.0259,2,,,,,2,3,1,3,
2_3_1_4,0.29,0.0077,0.0258,3,,,,,2,3,1,4,
2_3_1_5,0.39,0.0129,0.0375,2,,,,,2,3,1,5,
2_3_1_6,0.27,0.0079,0.0318,3,,,,,2,3,1,6,
2_3_1_7,0.18,0.0065,0.0267,3,,,,,2,3,1,7,
2_3_1_8,0.38,0.0139,0.0385,2,,,,,2,3,1,8,
2_3_1_9,0.25,0.0091,0.0412,2,,,,,2,3,1,9,
2_3_1_10,0.28,0.0108,0.0341,2,,,,,2,3,1,10,
2_3_2_1,0.39,0.0138,0.0416,2,,,,,2,3,2,1,
2_3_2_2,0.41,0.0095,0.0436,2,,,,,2,3,2,2,
2_3_2_3,0.31,0.0063,0.0434,2,,,,,2,3,2,3,
2_3_2_4,0.55,0.0123,0.0359,2,,,,,2,3,2,4,
2_3_2_5,0.43,0.0098,0.0426,2,yes,,,,2,3,2,5,
2_3_2_6,0.35,0.0095,0.0383,1,,,,,2,3,2,6,
2_3_2_7,0.23,0.0053,0.0403,2,,,,,2,3,2,7,
2_3_2_8,0.53,0.0175,0.0427,2,,,,,2,3,2,8,
2_3_2_9,0.39,0.0107,0.0319,1,,,,,2,3,2,9,
2_3_2_10,0.41,0.0131,0.0456,2,,,,,2,3,2,10,
2_3_3_1,12.51739861,0.1069,0.0334,partial,,,,,2,3,3,1,
2_3_3_2,16.82025438,NA,0.0417,partial,,,,,2,3,3,2,
2_3_3_3,8.1737461,NA,0.0378,partial,,,,,2,3,3,3,
2_3_3_4,10.0287977,0.0993,0.0302,partial,,,,,2,3,3,4,
2_3_3_5,14.63642909,0.0965,0.0319,partial,,,,,2,3,3,5,
2_3_3_6,3.635709143,0.035,0.0327,partial,,,,,2,3,3,6,
2_3_3_7,10.39116871,NA,0.0253,partial,,,,,2,3,3,7,
2_3_3_8,15.58195344,NA,0.0371,partial,,,,,2,3,3,8,
2_3_3_9,5.814734821,NA,0.0366,partial,,,,,2,3,3,9,
2_3_3_10,19.61603072,0.2096,0.0395,partial,,,,,2,3,3,10,
2_3_4_1,11.32949364,NA,0.0262,partial,,,,,2,3,4,1,
2_3_4_2,6.057115431,0.0397,0.0264,partial,,,,,2,3,4,2,
2_3_4_3,5.545956323,0.0354,0.0303,partial,,,,,2,3,4,3,
2_3_4_4,3.854091673,0.0315,0.0265,partial,,,,,2,3,4,4,
2_3_4_5,6.829853612,NA,0.0227,partial,,,,,2,3,4,5,
2_3_4_6,13.01895848,NA,0.032,partial,,,,,2,3,4,6,
2_3_4_7,3.357331413,0.0246,0.035,partial,,,,,2,3,4,7,
2_3_4_8,7.964962803,NA,0.0391,partial,,,,,2,3,4,8,
2_3_4_9,9.95200384,NA,0.0292,partial,,,,,2,3,4,9,
2_3_4_10,3.714902808,0.0338,0.0328,partial,,,,,2,3,4,10,
2_3_5_1,1.819294456,NA,0.0271,partial,,,,,2,3,5,1,
2_3_5_2,1.780897528,0.0125,0.0286,partial,,,,,2,3,5,2,
2_3_5_3,1.203023758,0.0102,0.0402,partial,,,,,2,3,5,3,
2_3_5_4,0.5886729062,0.0036,0.0442,partial,,,,,2,3,5,4,
2_3_5_5,4.891528678,NA,0.0435,partial,,,,,2,3,5,5,
2_3_5_6,0.7986561075,NA,0.0342,partial,,,,,2,3,5,6,
2_3_5_7,1.04799616,NA,0.0247,partial,,,,,2,3,5,7,
2_3_5_8,1.337413007,0.0094,0.0384,partial,,,,,2,3,5,8,
2_3_5_9,0.4686825054,0.0024,0.0313,partial,,,,,2,3,5,9,
2_3_5_10,1.535637149,NA,0.0346,partial,,,,,2,3,5,10,
2_3_6_1,8.851451884,NA,0.0272,partial,yes,,,,2,3,6,1,
2_3_6_2,6.814734821,0.0331,0.0322,partial,,,,,2,3,6,2,
2_3_6_3,5.29925606,NA,0.0304,partial,,,,,2,3,6,3,
2_3_6_4,4.20062395,0.0261,0.0423,partial,,,,,2,3,6,4,
2_3_6_5,5.762898968,NA,0.0305,partial,,,,,2,3,6,5,
2_3_6_6,5.442524598,NA,0.0352,partial,,,,,2,3,6,6,
2_3_6_7,7.471082313,0.0442,0.0411,partial,,,,,2,3,6,7,
2_3_6_8,6.544276458,NA,0.0287,partial,,,,,2,3,6,8,
2_3_6_9,7.067914567,NA,0.0379,partial,,,,,2,3,6,9,
2_3_6_10,6.571634269,NA,0.0429,partial,,,,,2,3,6,10,
2_3_7_1,2.06,NA,0.0355,partial,,,yes,,,,,,
2_3_7_2,1.05,NA,0.0323,partial,,,yes,,,,,,
2_3_7_3,0.91,0.0012,0.0339,partial,,,yes,,,,,,
2_3_7_4,2.99,0.0022,0.0379,partial,,,yes,,,,,,
2_3_7_5,4.6,0.0027,0.0271,partial,,,yes,,,,,,
2_3_7_6,2.78,NA,0.033,partial,,,yes,,,,,,
2_3_7_7,3.97,NA,0.0337,partial,,,yes,,,,,,
2_3_7_8,2.5,NA,0.0252,partial,,,yes,,,,,,
2_3_7_9,2.21,0.0015,0.0311,partial,,,yes,,,,,,
2_3_7_10,1.88,NA,0.0487,partial,,,yes,,,,,,
3_1_1_1,0.57,0.0152,0.048,2,,,,,3,1,1,1,
3_1_1_2,0.45,0.0151,0.047,3,,,,,3,1,1,2,
3_1_1_3,0.7,0.0231,0.045,1,,,,,3,1,1,3,
3_1_1_4,0.33,0.0204,0.047,2,,,,,3,1,1,4,
3_1_1_5,0.42,0.0128,0.048,2,,,,,3,1,1,5,
3_1_1_6,0.42,0.0119,0.049,2,,,,,3,1,1,6,
3_1_1_7,0.32,0.0112,0.05,2,,,,,3,1,1,7,
3_1_1_8,0.41,0.0154,0.048,2,,,,,3,1,1,8,
3_1_1_9,0.51,0.015,0.05,2,,,,,3,1,1,9,
3_1_1_10,0.25,0.0105,0.048,3,,,,,3,1,1,10,
3_1_2_1,35.55843533,NA,0.048,1,,,,,3,1,2,1,
3_1_2_2,26.02591793,NA,0.046,1,,,,,3,1,2,2,
3_1_3_2,0.1099112071,NA,0.05,10,,,,,3,1,2,2,
3_1_2_3,23.72114231,NA,0.044,1,,,,,3,1,2,3,
3_1_3_3,0.09551235901,NA,0.05,14,,,,,3,1,2,3,
3_1_2_4,35.47732181,NA,0.047,1,,,,,3,1,2,4,
3_1_3_4,0.1115910727,0.001,0.046,15,,,,,3,1,2,4,
3_1_2_5,41.44492441,NA,0.048,1,,,,,3,1,2,5,
3_1_3_5,0.2872570194,NA,0.048,8,,,,,3,1,2,5,
3_1_2_6,NA,NA,0.049,1,,,,,3,1,2,6,
3_1_3_6,0.1984641229,NA,0.048,8,,,,,3,1,2,6,
3_1_2_7,65.73194144,NA,0.05,1,,,,,3,1,2,7,
3_1_3_7,0.1166306695,0.0007,0.048,6,,,,,3,1,2,7,
3_1_2_8,34.74202064,NA,0.047,1,,,,,3,1,2,8,
3_1_3_8,0.07895368371,NA,0.05,15,,,,,3,1,2,8,
3_1_2_9,32.59635229,NA,0.05,1,,,,,3,1,2,9,
3_1_3_9,0.1492680586,NA,0.048,14,,,,,3,1,2,9,
3_1_2_10,43.0350372,NA,47,1,,,,,3,1,2,10,
3_1_3_1,0.0626349892,0.0004,0.049,14,,,,Originally called 3_1_2 erroneously. is correctly labeled in multispec data,3,1,3,1,
3_1_3_10,0.316774658,0.0036,0.05,6,,,,,3,1,3,10,
3_1_4_1,1.307895368,NA,0.05,1,,,,,3,1,4,1,
3_1_4_2,0.5637149028,0.006,0.045,1,,,,,3,1,4,2,
3_1_4_3,1.93400528,0.0153,0.047,1,,,,,3,1,4,3,
3_1_4_4,0.4182865371,0.0053,0.048,1,,,,,3,1,4,4,
3_1_4_5,1.535157187,NA,0.048,1,,,,,3,1,4,5,
3_1_4_6,1.538516919,0.0159,0.046,1,,,,,3,1,4,6,
3_1_4_7,0.5279577634,0.0043,0.049,1,,,,,3,1,4,7,
3_1_4_8,1.146148308,NA,0.047,1,,,,,3,1,4,8,
3_1_4_9,0.5905927526,NA,0.049,2,,,,,3,1,4,9,
3_1_4_10,0.5233981281,0.0057,0.047,1,,,,,3,1,4,10,
3_1_5_1,2.155267579,0.0167,0.045,1,,,,,3,1,5,1,
3_1_5_2,1.522438205,0.0158,0.047,1,,,,,3,1,5,2,
3_1_5_3,1.182145428,0.0213,0.046,1,,,,,3,1,5,3,
3_1_5_4,2.520038397,0.0105,0.048,1,,,,,3,1,5,4,
3_1_5_5,6.025917927,0.0318,0.05,1,,,,,3,1,5,5,
3_1_5_6,2.186465083,0.017,0.048,1,,,,,3,1,5,6,
3_1_5_7,3.827933765,0.0149,0.045,1,,,,,3,1,5,7,
3_1_5_8,2.468442525,0.0222,0.043,1,,,,,3,1,5,8,
3_1_5_9,9.183105352,0.0239,0.047,1,,,,,3,1,5,9,
3_1_5_10,4.864890809,0.0154,0.049,1,,,,,3,1,5,10,
3_1_6_1,0.8567314615,0.005,0.05,1,,,,,3,1,6,1,
3_1_6_2,1.00311975,0.0057,0.047,1,,,,,3,1,6,2,
3_1_6_3,1.298296136,0.0069,0.047,1,,,,,3,1,6,3,
3_1_6_4,0.6431485481,0.004,0.048,2,,,,,3,1,6,4,
3_1_6_5,0.5831533477,NA,0.046,1,,,,,3,1,6,5,
3_1_6_6,0.6599472042,0.0052,0.045,1,,,,,3,1,6,6,
3_1_6_7,0.5999520038,0.0057,0.046,2,,,,,3,1,6,7,
3_1_6_8,0.9887209023,0.0067,0.048,2,,,,,3,1,6,8,
3_1_6_9,0.4943604512,0.0038,0.049,2,,,,,3,1,6,9,
3_1_6_10,0.5567554596,0.0038,0.048,1,,,,,3,1,6,10,
3_1_7_1,0.04967602592,NA,0.042,36,,,,,3,1,7,1,
3_1_7_2,0.03023758099,NA,0.041,40,,,,,3,1,7,2,
3_1_7_3,0.09815214783,NA,0.045,28,,,,,3,1,7,3,
3_1_7_4,0.03263738901,NA,0.05,45,,,,,3,1,7,4,
3_1_7_5,0.05735541157,NA,0.044,45,,,,,3,1,7,5,
3_1_7_6,0.05351571874,NA,0.044,69,,,,,3,1,7,6,
3_1_7_7,0.05567554596,NA,0.05,40,,,,,3,1,7,7,
3_1_7_8,0.04127669786,NA,0.041,55,,,,,3,1,7,8,
3_1_7_9,0.05519558435,NA,0.044,44,,,,,3,1,7,9,
3_1_7_10,0.04943604512,NA,0.044,47,,,,,3,1,7,10,
3_2_1_1,0.68,0.0167,0.047,2,,,,,3,2,1,1,
3_2_1_2,0.67,0.0158,0.048,2,,,,,3,2,1,2,
3_2_1_3,0.8,0.0213,0.049,2,,,,,3,2,1,3,
3_2_1_4,0.38,0.0105,0.043,2,,,,,3,2,1,4,
3_2_1_5,1.12,0.0318,0.046,2,,,,,3,2,1,5,
3_2_1_6,0.78,0.017,0.048,2,,,,,3,2,1,6,
3_2_1_7,0.62,0.0149,0.05,2,,,,,3,2,1,7,
3_2_1_8,0.84,0.0222,0.047,2,,,,,3,2,1,8,
3_2_1_9,1.1,0.0239,0.05,2,,,,,3,2,1,9,
3_2_1_10,0.68,0.0154,0.048,2,,,,,3,2,1,10,
3_2_2_1,9.251259899,0.1346,0.049,1,,,,,3,2,2,1,
3_2_2_2,15.54595632,0.1883,0.047,1,,,,,3,2,2,2,
3_2_2_3,8.668106551,0.1207,0.043,1,,,,,3,2,2,3,
3_2_2_4,20.11759059,0.1923,0.05,1,,,,,3,2,2,4,
3_2_2_5,24.312455,0.1526,0.048,1,,,,,3,2,2,5,
3_2_2_6,12.08063355,0.1321,0.044,1,,,,,3,2,2,6,
3_2_2_7,18.12814975,0.1835,0.046,1,,,,,3,2,2,7,
3_2_2_8,17.92896568,0.136,0.045,1,,,,,3,2,2,8,
3_2_2_9,16.6762659,0.1596,0.042,1,,,,,3,2,2,9,
3_2_2_10,8.963282937,0.0806,0.047,1,,,,,3,2,2,10,
3_2_3_1,0.6297096232,0.0044,0.045,1,,,,,3,2,3,1,
3_2_3_2,1.140388769,0.0064,0.046,1,,,,,3,2,3,2,
3_2_3_3,1.150707943,0.0126,0.05,2,,,,,3,2,3,3,
3_2_3_4,0.6421886249,0.0075,0.045,1,,,,,3,2,3,4,
3_2_3_5,1.803215743,0.0211,0.046,1,,,,,3,2,3,5,
3_2_3_6,0.9707223422,0.0137,0.049,2,,,,,3,2,3,6,
3_2_3_7,0.7264218862,0.0062,0.05,1,,,,,3,2,3,7,
3_2_3_8,1.223182145,0.0068,0.045,1,,,,,3,2,3,8,
3_2_3_9,1.453323734,0.0083,0.045,1,,,,,3,2,3,9,
3_2_3_10,0.9512838973,0.003,0.044,1,,,broken,,3,2,3,10,
3_2_4_1,3.140388769,NA,0.042,1,,,,,3,2,4,1,
3_2_4_2,7.182145428,NA,0.045,1,,,,,3,2,4,2,
3_2_4_3,3.738660907,NA,0.049,1,,,,,3,2,4,3,
3_2_4_4,5.1137509,NA,0.047,1,,,,,3,2,4,4,
3_2_4_5,2.331173506,NA,0.043,1,,,,,3,2,4,5,
3_2_4_6,4.655147588,NA,0.049,1,,,,,3,2,4,6,
3_2_4_7,5.465322774,0.0234,0.05,1,,,,,3,2,4,7,
3_2_4_8,5.466522678,0.0193,0.046,1,,,,,3,2,4,8,
3_2_4_9,2.848332133,NA,0.049,1,,,,,3,2,4,9,
3_2_4_10,2.314134869,NA,0.047,1,,,,,3,2,4,10,
3_2_5_1,0.8663306935,0.0079,0.046,3,,,,,3,2,5,1,
3_2_5_2,0.6623470122,0.0051,0.05,4,,,,,3,2,5,2,
3_2_5_3,1.159107271,0.0141,0.048,2,,,,,3,2,5,3,
3_2_5_4,0.9551235901,0.0072,0.049,3,,,,,3,2,5,4,
3_2_5_5,0.8471322294,0.0099,0.044,2,,,,,3,2,5,5,
3_2_5_6,0.4295656347,0.004,0.048,3,,,,,3,2,5,6,
3_2_5_7,0.8207343413,0.0067,0.047,4,,,,,3,2,5,7,
3_2_5_8,0.3527717783,0.0035,0.043,5,,,,,3,2,5,8,
3_2_5_9,0.5903527718,0.0072,0.047,4,,,,,3,2,5,9,
3_2_5_10,NA,NA,NA,NA,,,,,3,2,5,10,
3_2_6_1,1.804655628,0.0091,0.045,1,,,,,3,2,6,1,
3_2_6_2,3.794096472,NA,0.047,1,,,,,3,2,6,2,
3_2_6_3,1.051115911,NA,0.045,2,,,,,3,2,6,3,
3_2_6_4,0.9503239741,NA,0.047,2,,,,,3,2,6,4,
3_2_6_5,1.648668107,NA,0.05,1,,,,,3,2,6,5,
3_2_6_6,0.779937605,NA,0.047,1,,,,,3,2,6,6,
3_2_6_7,1.084713223,NA,0.046,1,,,,,3,2,6,7,
3_2_6_8,1.178305736,NA,0.044,1,,,,,3,2,6,8,
3_2_6_9,1.276697864,0.087,0.045,1,,,,,3,2,6,9,
3_2_6_10,1.3174946,NA,0.048,2,,,,,3,2,6,10,
3_2_7_1,6.369090473,0.0354,0.049,1,,,,,3,2,7,1,
3_2_7_2,25.79553636,0.136,0.044,1,,,,,3,2,7,2,
3_2_7_3,16.68106551,0.1028,0.047,1,,,,,3,2,7,3,
3_2_7_4,19.43844492,0.1357,0.05,1,,,,,3,2,7,4,
3_2_7_5,7.101031917,0.0492,0.05,1,,,,,3,2,7,5,
3_2_7_6,20.98152148,0.0849,0.044,1,,,,,3,2,7,6,
3_2_7_7,21.20710343,0.1326,0.044,1,,,,,3,2,7,7,
3_2_7_8,24.1612671,0.1064,0.048,1,,,,,3,2,7,8,
3_2_7_9,7.688984881,0.0571,0.045,1,,,,,3,2,7,9,
3_2_7_10,15.58435325,0.0934,0.045,1,,,,,3,2,7,10,
3_3_1_1,12.70458363,NA,0.0439,partial,,,,,3,3,1,1,
3_3_1_2,13.47492201,0.1026,0.0372,partial,,,,,3,3,1,2,
3_3_1_3,2.474202064,0.0227,0.0371,partial,,,,,3,3,1,3,
3_3_1_4,1.451883849,0.0103,0.0305,partial,,,,,3,3,1,4,
3_3_1_5,13.30453564,NA,0.0303,partial,,,,,3,3,1,5,
3_3_1_6,9.508039357,NA,0.0277,partial,,,,,3,3,1,6,
3_3_1_7,4.857211423,NA,0.0314,partial,,,,,3,3,1,7,
3_3_1_8,3.453323734,0.0254,0.0247,partial,,,,,3,3,1,8,
3_3_1_9,2.315814735,NA,0.0435,partial,,,,,3,3,1,9,
3_3_1_10,4.598032157,NA,0.0392,partial,,,,,3,3,1,10,
3_3_2_1,2.327813775,NA,0.0311,1,,,yes,,3,3,2,1,
3_3_2_2,0.6599472042,NA,0.0388,5,,yes,yes,,3,3,2,2,
3_3_2_3,3.126949844,NA,0.0241,1,,,yes,,3,3,2,3,
3_3_2_4,1.274298056,NA,0.0285,1,,,yes,,3,3,2,4,
3_3_2_5,0.8663306935,NA,0.0449,3,,,yes,,3,3,2,5,
3_3_2_6,1.8862491,NA,0.0416,2,,,yes,,3,3,2,6,
3_3_2_7,1.720662347,NA,0.0216,1,,,yes,,3,3,2,7,
3_3_2_8,1.807055436,NA,0.0313,1,,,yes,,3,3,2,8,
3_3_2_9,1.091912647,NA,0.0431,5,,,yes,,3,3,2,9,
3_3_2_10,2.447804176,NA,0.0492,2,,,yes,,3,3,2,10,
3_3_3_1,1.514278858,NA,0.0444,partial,,,,,3,3,3,1,
3_3_3_2,2.12862971,0.0188,0.0311,partial,,,,,3,3,3,2,
3_3_3_3,3.210943125,0.0288,0.0401,partial,,,,,3,3,3,3,
3_3_3_4,3.431725462,0.0319,0.0241,partial,,,,,3,3,3,4,
3_3_3_5,2.198224142,0.0216,0.0334,partial,,,,,3,3,3,5,
3_3_3_6,2.030237581,0.0195,0.0316,partial,,,,,3,3,3,6,
3_3_3_7,2.351811855,0.02,0.0278,partial,,,,,3,3,3,7,
3_3_3_8,2.709383249,0.027,0.0287,partial,,,,,3,3,3,8,
3_3_3_9,1.720662347,0.0159,0.0337,partial,,,,,3,3,3,9,
3_3_3_10,2.296616271,0.0272,0.0414,partial,,yes,,,3,3,3,10,
3_3_4_1,2.594192465,0.0253,0.0468,1,,,,,3,3,4,1,
3_3_4_2,1.231101512,NA,0.0392,2,,,,,3,3,4,2,
3_3_4_3,2.383009359,0.0288,0.0254,1,,,,,3,3,4,3,
3_3_4_4,1.85025198,NA,0.0413,1,,,,,3,3,4,4,
3_3_4_5,1.89824814,NA,0.0471,1,,,,,3,3,4,5,
3_3_4_6,1.869450444,0.0233,0.0462,1,,,,,3,3,4,6,
3_3_4_7,2.013438925,NA,0.0431,1,,,,,3,3,4,7,
3_3_4_8,1.835853132,NA,0.0405,1,,,,,3,3,4,8,
3_3_4_9,1.847852172,0.0222,0.0438,1,,,,,3,3,4,9,
3_3_4_10,NA,NA,NA,NA,,,,,3,3,4,10,
3_3_5_1,1.811855052,NA,0.0377,1,,,,,3,3,5,1,
3_3_5_2,3.146148308,NA,0.044,partial,,,,,3,3,5,2,
3_3_5_3,4.773218143,NA,0.0266,partial,,,,,3,3,5,3,
3_3_5_4,4.4012479,NA,0.0212,partial,,,,,3,3,5,4,
3_3_5_5,4.319654428,NA,0.0439,partial,,,,,3,3,5,5,
3_3_5_6,4.391648668,NA,0.0488,partial,,,,,3,3,5,6,
3_3_5_7,5.435565155,0.0274,0.0242,partial,,,,,3,3,5,7,
3_3_5_8,2.690184785,NA,0.0299,partial,,,,,3,3,5,8,
3_3_5_9,2.754979602,NA,0.0235,partial,,,,,3,3,5,9,
3_3_5_10,3.038156947,NA,0.0279,partial,,,,,3,3,5,10,
3_3_6_1,15.7475402,0.0621,0.049,1,,,,,3,3,6,1,
3_3_6_2,12.6061915,0.0503,0.032,1,,,,,3,3,6,2,
3_3_6_3,8.663306935,NA,0.044,1,,,,,3,3,6,3,
3_3_6_4,15.40916727,0.0637,0.035,1,,,,,3,3,6,4,
3_3_6_5,10.06479482,0.0413,0.047,1,,,,,3,3,6,5,
3_3_6_6,13.37413007,NA,0.038,1,,,,,3,3,6,6,
3_3_6_7,7.885769138,NA,0.049,1,,,,,3,3,6,7,
3_3_6_8,8.884089273,0.0407,0.049,1,,,,,3,3,6,8,
3_3_6_9,9.404847612,0.0393,0.046,1,,,,,3,3,6,9,
3_3_6_10,25.54835613,0.1164,0.039,1,,,,,3,3,6,10,
3_3_7_1,86.81077514,0.2842,0.05,1,,,,,3,3,7,1,
3_3_7_2,67.73386129,0.2191,0.047,1,,,,,3,3,7,2,
3_3_7_3,127.4850012,0.487,0.05,1,,,,,3,3,7,3,
3_3_7_4,44.92680586,0.1925,0.044,1,,,,,3,3,7,4,
3_3_7_5,34.91240701,0.2041,0.045,1,,,,,3,3,7,5,
3_3_7_6,99.88480922,0.6218,0.046,1,,,,,3,3,7,6,
3_3_7_7,74.3100552,0.4407,0.04,1,,,,,3,3,7,7,
3_3_7_8,45.70914327,0.1883,0.038,1,,,,,3,3,7,8,
3_3_7_9,50.837533,0.2645,0.048,1,,,,,3,3,7,9,
3_3_7_10,87.90090233,NA,0.039,1,,,,,3,3,7,10,
4_1_1_1,0.4775617951,NA,0.048,2,,,,,4,1,1,1,
4_1_1_2,0.475161987,NA,0.043,1,,,,,4,1,1,2,
4_1_1_3,0.8759299256,NA,0.043,1,,,,,4,1,1,3,
4_1_1_4,0.4847612191,NA,0.046,2,,,,,4,1,1,4,
4_1_1_5,0.2111831054,NA,0.043,2,,,,,4,1,1,5,
4_1_1_6,0.316774658,NA,0.043,2,,,,,4,1,1,6,
4_1_1_7,0.5231581473,NA,0.049,1,,,,,4,1,1,7,
4_1_1_8,0.5615550756,NA,0.05,1,,,,,4,1,1,8,
4_1_1_9,0.311975042,NA,0.05,2,,,,,4,1,1,9,
4_1_1_10,0.5183585313,NA,0.049,1,,,,,4,1,1,10,
4_1_2_1,13.155,NA,0.0342,partial,,,,,4,1,2,1,
4_1_2_2,15.967,NA,0.0309,partial,yes,,,,4,1,2,2,
4_1_2_3,11.799,NA,0.0318,partial,,,,,4,1,2,3,
4_1_2_4,7.945,NA,0.039,partial,,,,,4,1,2,4,
4_1_2_5,6.32,NA,0.0278,partial,,,,,4,1,2,5,
4_1_2_6,14.599,NA,0.0335,partial,,,,,4,1,2,6,
4_1_2_7,10.59,NA,0.0352,partial,,,,,4,1,2,7,
4_1_2_8,11.752,NA,0.0391,partial,,,,,4,1,2,8,
4_1_2_9,11.305,NA,0.0352,partial,,,,,4,1,2,9,
4_1_2_10,4.441,NA,0.0376,partial,,yes,,,4,1,2,10,
4_1_3_1,1.19,NA,0.048,1,,,,,4,1,3,1,
4_1_3_2,1.51,NA,0.048,1,,,,,4,1,3,2,
4_1_3_3,0.83,0.0121,0.048,1,,yes,,,4,1,3,3,
4_1_3_4,1.53,NA,0.047,1,,,,,4,1,3,4,
4_1_3_5,0.86,0.0173,0.046,1,,,,,4,1,3,5,
4_1_3_6,1.33,NA,0.047,1,,,,,4,1,3,6,
4_1_3_7,0.78,0.0059,0.049,2,,,,,4,1,3,7,
4_1_3_8,0.91,NA,0.047,1,,,,,4,1,3,8,
4_1_3_9,0.39,0.0035,0.05,1,,,,,4,1,3,9,
4_1_3_10,0.79,0.0078,0.05,1,,,,,4,1,3,10,
4_1_4_1,2.891768659,0.0303,0.043,1,,,,,4,1,4,1,
4_1_4_2,2.810175186,0.024,0.042,1,,,,,4,1,4,2,
4_1_4_3,1.214302856,0.0125,0.038,2,,,yes,,4,1,4,3,
4_1_4_4,2.368610511,0.0281,0.047,1,,,yes,,4,1,4,4,
4_1_4_5,1.711063115,0.0182,0.042,1,,,,,4,1,4,5,
4_1_4_6,2.387808975,0.0248,0.041,1,,,,,4,1,4,6,
4_1_4_7,0.7919366451,0.0075,0.034,1,,,,,4,1,4,7,
4_1_4_8,1.199904008,0.0127,0.046,1,,,,,4,1,4,8,
4_1_4_9,0.5111591073,0.0062,0.046,3,,,,,4,1,4,9,
4_1_4_10,1.041516679,0.0118,0.048,2,,,,,4,1,4,10,
4_1_5_1,0.1127909767,NA,0.049,73,,,,,4,1,5,1,
4_1_5_2,0.2015838733,NA,0.03,49,,,,,4,1,5,2,
4_1_5_3,0.2063834893,NA,0.045,37,,,,,4,1,5,3,
4_1_5_4,0.148788097,NA,0.034,54,,,,,4,1,5,4,
4_1_5_5,0.4439644828,NA,0.035,38,,,,,4,1,5,5,
4_1_5_6,0.2111831054,NA,0.026,64,,,,,4,1,5,6,
4_1_5_7,0.316774658,NA,0.048,45,,,,,4,1,5,7,
4_1_5_8,0.1223902088,NA,0.037,54,,,,,4,1,5,8,
4_1_5_9,0.319174466,NA,0.032,66,,,,,4,1,5,9,
4_1_5_10,0.3551715863,NA,0.48,49,,yes,,,4,1,5,10,
4_1_6_1,13.460271,0.0317,0.038,1,,,,,4,1,6,1,
4_1_6_2,9.503153,0.0215,0.038,1,,,,,4,1,6,2,
4_1_6_3,17.325363,0.0439,0.035,1,,,,,4,1,6,3,
4_1_6_4,12.030931,0.0292,0.043,1,,,,,4,1,6,4,
4_1_6_5,10.521313,0.0267,0.032,1,,,,,4,1,6,5,
4_1_6_6,8.01801,0.0222,0.048,1,,,,,4,1,6,6,
4_1_6_7,9.122322,0.0195,0.033,1,,,,,4,1,6,7,
4_1_6_8,8.538838,0.0181,0.032,1,,,,,4,1,6,8,
4_1_6_9,6.49,0.0147,0.039,1,,,,,4,1,6,9,
4_1_6_10,9.88,0.0206,0.045,1,,,,,4,1,6,10,
4_1_7_1,0.8,0.0047,0.0393,2,,,,,4,1,7,1,
4_1_7_2,0.21,0.0028,0.0373,3,,,,,4,1,7,2,
4_1_7_3,0.89,NA,0.0441,2,,,,,4,1,7,3,
4_1_7_4,0.55,0.0041,0.0318,3,,,,,4,1,7,4,
4_1_7_5,0.72,NA,0.0275,3,,,,,4,1,7,5,
4_1_7_6,0.88,NA,0.0383,2,,,,,4,1,7,6,
4_1_7_7,0.78,0.0085,0.0238,3,,,,,4,1,7,7,
4_1_7_8,0.29,0.0034,0.0304,4,,,,,4,1,7,8,
4_1_7_9,0.18,0.0021,0.0293,3,,,,,4,1,7,9,
4_1_7_10,0.25,NA,0.0482,3,,yes,,,4,1,7,10,
4_2_1_1,2.59,0.0288,0.0252,1,,,,,4,2,1,1,
4_2_1_2,1.44,0.0242,0.0331,1,,,,,4,2,1,2,
4_2_1_3,1.13,0.0104,0.0483,1,,,,,4,2,1,3,
4_2_1_4,1.31,0.0135,0.0361,1,,,,,4,2,1,4,
4_2_1_5,1.09,0.0093,0.0358,2,,,,,4,2,1,5,
4_2_1_6,1.07,0.0114,0.0436,2,,,,,4,2,1,6,
4_2_1_7,1.76,0.0288,0.0378,1,,,,,4,2,1,7,
4_2_1_8,1.08,0.0086,0.0376,1,,,,,4,2,1,8,
4_2_1_9,2.3,0.0307,0.026,1,,,,,4,2,1,9,
4_2_1_10,2.1,0.0278,0.0477,1,,,,,4,2,1,10,
4_2_2_1,45.4187665,0.4185,0.044,1,,,,,4,2,2,1,
4_2_2_2,34.10847132,0.2486,0.045,1,,,,,4,2,2,2,
4_2_2_3,20.10487161,0.0962,0.045,1,,,,,4,2,2,3,
4_2_2_4,38.79529638,0.2587,0.037,1,,,,,4,2,2,4,
4_2_2_5,51.89104872,0.2548,0.04,1,,,,,4,2,2,5,
4_2_2_6,75.412,0.645,0.04,1,,,,,4,2,2,6,
4_2_2_7,25.33717303,NA,0.042,1,,yes,,,4,2,2,7,
4_2_2_8,39.62802976,NA,0.049,1,,,,,4,2,2,8,
4_2_2_9,35.768,NA,0.042,1,,,,,4,2,2,9,
4_2_2_10,53.14,0.3565,0.046,1,,,,,4,2,2,10,
4_2_3_1,17.3,0.1219,0.042,1,,yes,,,4,2,3,1,
4_2_3_2,24.05,0.1533,0.031,1,,,,,4,2,3,2,
4_2_3_3,22.57,0.1907,0.044,1,,,,,4,2,3,3,
4_2_3_4,16.25,0.0722,0.035,1,,,,,4,2,3,4,
4_2_3_5,11.7,0.0659,0.032,1,,,,,4,2,3,5,
4_2_3_6,20.31,0.1105,0.045,1,,,,,4,2,3,6,
4_2_3_7,34.15,0.1744,0.046,1,,,,,4,2,3,7,
4_2_3_8,28.24,0.2928,0.046,1,,,,,4,2,3,8,
4_2_3_9,30.59,0.2956,0.044,1,,,,,4,2,3,9,
4_2_3_10,27.42,0.1883,0.049,1,,,,,4,2,3,10,fell in the floor
4_2_4_1,0.12,0.0008,0.0376,3,,,,,4,2,4,1,
4_2_4_2,0.07,0.0005,0.0383,3,,,,,4,2,4,2,
4_2_4_3,0.05,0.0011,0.0401,3,,,,,4,2,4,3,
4_2_4_4,0.04,0.0014,0.0414,3,,,,,4,2,4,4,
4_2_4_5,0.03,0.0011,0.0295,3,,,,,4,2,4,5,
4_2_4_6,0.01,0.0004,0.0414,2,,,,,4,2,4,6,
4_2_4_7,0.06,0.0023,0.0386,3,,yes,,,4,2,4,7,
4_2_4_8,0.05,0.0002,0.0386,3,,,,,4,2,4,8,
4_2_4_9,0.03,0.0009,0.0392,3,,,,,4,2,4,9,
4_2_4_10,0.012,0.0008,0.0445,3,,,,,4,2,4,10,
4_2_5_1,1.93,NA,0.0303,1,,,,,4,2,5,1,
4_2_5_2,1.06,0.0745,0.0385,1,,,,,4,2,5,2,
4_2_5_3,1.58,0.0808,0.0377,1,,,,,4,2,5,3,
4_2_5_4,2.51,NA,0.0403,partial,,yes,,,4,2,5,4,
4_2_5_5,1.1,0.0729,0.0422,2,,,,,4,2,5,5,
4_2_5_6,1.86,NA,0.026,1,,,,,4,2,5,6,
4_2_5_7,0.66,NA,0.0289,2,,,,,4,2,5,7,
4_2_5_8,1.42,0.077,0.0342,1,,,,,4,2,5,8,
4_2_5_9,1.73,NA,0.0287,1,,,,,4,2,5,9,
4_2_5_10,1.39,NA,0.0366,1,,,,,4,2,5,10,
4_2_6_1,9.502,0.0904,0.049,1,,,,,4,2,6,1,
4_2_6_1,4.12287017,0.0633,,,,,,,4,2,6,1,dupe
4_2_6_2,4.81,0.0402,0.031,1,,yes,,,4,2,6,2,
4_2_6_2,4.595632349,0.0402,,,,,,,4,2,6,2,dupe
4_2_6_3,2.714,0.0187,0.035,1,,,,,4,2,6,3,
4_2_6_3,2.639788817,0.0195,,,,,,,4,2,6,3,dupe
4_2_6_4,6.348,0.0523,0.036,1,,,,,4,2,6,4,
4_2_6_4,6.085913127,0.0519,,,,,,,4,2,6,4,dupe
4_2_6_5,4.188,0.0264,0.031,1,,,,,4,2,6,5,
4_2_6_5,3.014158867,0.0251,,,,,,,4,2,6,5,dupe
4_2_6_6,8.725,0.0746,0.04,1,,,,,4,2,6,6,
4_2_6_6,7.907367411,0.0743,,,,,,,4,2,6,6,dupe
4_2_6_7,3.421,0.0302,0.031,1,,,,,4,2,6,7,
4_2_6_7,0.8063354932,0.0302,,,,,,,4,2,6,7,dupe
4_2_6_8,2.893,0.0315,0.039,1,,,,,4,2,6,8,
4_2_6_8,0.5951523878,0.0252,,,,,,,4,2,6,8,dupe
4_2_6_9,3.071,0.0225,0.041,1,,,,,4,2,6,9,
4_2_6_9,0.7319414447,0.0225,,,,,,,4,2,6,9,dupe
4_2_6_10,8.691,0.07,0.048,1,,,,,4,2,6,10,
4_2_6_10,1.334293257,0.0507,0.04,1,,,,,4,2,6,10,dupe
4_2_7_1,38.72,NA,0.033,1,,,,,4,2,7,1,
4_2_7_2,26.48,NA,0.045,1,,,,,4,2,7,2,
4_2_7_3,37.53,NA,0.043,1,,,,,4,2,7,3,
4_2_7_4,40.74,0.4041,0.045,1,,,,,4,2,7,4,
4_2_7_5,32.17,0.2313,0.032,1,,,,,4,2,7,5,
4_2_7_6,38.36,0.3162,0.033,1,,,,,4,2,7,6,
4_2_7_7,36.49,NA,0.043,1,,,,,4,2,7,7,
4_2_7_8,29.98,0.1559,0.043,1,,,,,4,2,7,8,
4_2_7_9,53.69,0.4234,0.037,1,,,,,4,2,7,9,
4_2_7_10,24.71,NA,0.032,1,,,,,4,2,7,10,
4_3_1_1,0.5471562275,0.0059,0.0369,2,,,no,,4,3,1,1,
4_3_1_2,0.5567554596,0.0031,0.0309,2,,,no,,4,3,1,2,
4_3_1_3,0.5687544996,0.0062,0.0273,2,,,no,,4,3,1,3,
4_3_1_4,1.072714183,0.0095,0.0352,2,,,no,,4,3,1,4,
4_3_1_5,0.9239260859,0.0077,0.0309,2,,,no,,4,3,1,5,
4_3_1_6,0.4871610271,0.0043,0.0245,2,,,no,,4,3,1,6,
4_3_1_7,0.6095512359,0.0076,0.0242,2,,,no,,4,3,1,7,
4_3_1_8,0.5687544996,0.0063,0.0327,2,,,no,,4,3,1,8,
4_3_1_9,0.779937605,0.0072,0.049,2,,,no,,4,3,1,9,
4_3_1_10,0.4343652508,0.0059,0.0386,2,,,no,,4,3,1,10,
4_3_2_1,0.003,0.0007,0.0393,2,,,,,4,3,2,1,
4_3_2_2,0.04,0.0019,0.0418,2,,,,,4,3,2,2,
4_3_2_3,0.008,0.0008,0.0263,2,,,,,4,3,2,3,
4_3_2_4,0.06,0.0015,0.0341,1,,,,,4,3,2,4,
4_3_2_5,0.04,0.0008,0.0277,2,,,,,4,3,2,5,
4_3_2_6,0.005,0.0008,0.0433,3,,yes,,,4,3,2,6,
4_3_2_7,0.03,0.0017,0.0381,2,,,,,4,3,2,7,
4_3_2_8,0.002,0.0005,0.0242,2,,,,,4,3,2,8,
4_3_2_9,0.00E+00,0.0012,0.0478,2,,,,,4,3,2,9,
4_3_2_10,0.01,0.0011,0.0418,2,,,,,4,3,2,10,
4_3_3_1,0.12,0.0023,missing,,,,,,4,3,3,1,
4_3_3_2,0.11,0.0029,0.0331,6,,,,,4,3,3,2,
4_3_3_3,0.102,0.0021,0.0353,6,,,,,4,3,3,3,
4_3_3_4,0.07,0.0016,0.0341,6,,,,,4,3,3,4,
4_3_3_5,0.12,0.0031,0.0296,4,,,,,4,3,3,5,
4_3_3_6,0.13,0.0034,0.0454,5,,,,,4,3,3,6,
4_3_3_7,0.15,0.0027,0.0273,6,,,,,4,3,3,7,
4_3_3_8,0.15,0.004,0.0428,6,,,,,4,3,3,8,
4_3_3_9,0.12,0.0028,0.0474,6,,,,,4,3,3,9,
4_3_3_10,0.1,0.0016,0.0289,6,,,,,4,3,3,10,
4_3_4_1,0.38,0.0082,0.036,2,,yes,,,4,3,4,1,
4_3_4_2,0.51,0.0157,0.0275,1,,,,,4,3,4,2,
4_3_4_3,0.86,0.0214,0.0428,1,,,,,4,3,4,3,
4_3_4_4,0.81,0.0256,0.0458,1,,,,,4,3,4,4,
4_3_4_5,0.63,0.0191,0.0441,2,,,,,4,3,4,5,
4_3_4_6,0.76,0.0269,0.0384,1,,,,,4,3,4,6,
4_3_4_7,0.84,0.0248,0.0375,1,,,,,4,3,4,7,
4_3_4_8,0.81,0.0234,0.0462,1,,,,,4,3,4,8,
4_3_4_9,0.91,0.0355,0.0448,1,,,,,4,3,4,9,
4_3_4_10,0.96,0.0252,0.0449,1,,,,,4,3,4,10,
4_3_5_1,10.69594432,0.0935,0.0296,partial,,,,,4,3,5,1,
4_3_5_2,7.44900408,0.0897,0.0451,partial,,,,,4,3,5,2,
4_3_5_3,14.04607631,0.01791,0.0469,partial,,,,,4,3,5,3,
4_3_5_4,10.83033357,0.1057,0.0478,partial,,,,,4,3,5,4,
4_3_5_5,13.77729782,0.1426,0.0477,partial,,,,,4,3,5,5,
4_3_5_6,10.35757139,0.1297,0.0414,partial,,,,,4,3,5,6,
4_3_5_7,6.513078954,0.0575,0.0306,partial,,,,,4,3,5,7,
4_3_5_8,10.81353492,0.107,0.049,partial,,,,,4,3,5,8,
4_3_5_9,9.690424766,0.0937,0.0385,partial,,,,,4,3,5,9,
4_3_5_10,13.97168227,0.1069,0.0427,partial,,,,,4,3,5,10,
4_3_6_1,1.725461963,NA,0.0307,1,,,,,4,3,6,1,
4_3_6_2,1.987041037,0.0142,0.0288,1,,,,,4,3,6,2,
4_3_6_3,1.130309575,NA,0.0308,1,,,,,4,3,6,3,
4_3_6_4,1.629469642,NA,0.0334,1,,,,,4,3,6,4,
4_3_6_5,1.375089993,NA,0.0229,1,,,,,4,3,6,5,
4_3_6_6,2.104631629,NA,0.0252,1,,,,,4,3,6,6,
4_3_6_7,2.733381329,NA,0.0334,1,,,,,4,3,6,7,
4_3_6_8,1.365490761,0.0071,0.0265,1,,,,,4,3,6,8,
4_3_6_9,1.240700744,NA,0.0253,1,,yes,,,4,3,6,9,
4_3_6_10,1.943844492,NA,0.0358,1,,,,,4,3,6,10,
4_3_7_1,26.23470122,NA,0.049,1,,,,,4,3,7,1,
4_3_7_2,24.50923926,NA,0.041,1,,,,,4,3,7,2,
4_3_7_3,50.82793377,NA,missing,,,,,,4,3,7,3,
4_3_7_4,37.22342213,0.3725,0.049,1,,,,,4,3,7,4,
4_3_7_5,27.77777778,NA,0.042,1,,,,,4,3,7,5,
4_3_7_6,36.75305976,NA,0.038,1,,,,,4,3,7,6,
4_3_7_7,41.85025198,NA,0.044,1,,,,,4,3,7,7,
4_3_7_8,36.29469642,NA,0.039,1,,,,,4,3,7,8,
4_3_7_9,48.84569234,NA,0.037,1,,,,,4,3,7,9,
4_3_7_10,42.69738421,0.4124,0.044,1,,,,,4,3,7,10,
5_1_1_1,0.145,0.0075,0.0466,3,,,,,5,1,1,1,
5_1_1_2,0.211,0.0116,0.0447,2,,,,,5,1,1,2,
5_1_1_3,0.142,0.0064,0.0273,2,,,,,5,1,1,3,
5_1_1_4,0.209,0.0118,0.0411,2,,,,,5,1,1,4,
5_1_1_5,0.288,0.0119,0.0249,1,,,,,5,1,1,5,
5_1_1_6,0.217,0.0095,0.05,5,,,,,5,1,1,6,
5_1_1_7,0.126,0.0058,0.048,3,,,,,5,1,1,7,
5_1_1_8,0.176,0.0069,0.048,3,,,,,5,1,1,8,
5_1_1_9,0.177,0.0093,0.044,2,yes,,,,5,1,1,9,
5_1_1_10,0.086,0.0038,0.033,5,,,,,5,1,1,10,
5_1_2_1,0.032,NA,0.032,42,,,,,5,1,2,1,
5_1_2_2,0.033,NA,0.034,43,,,,,5,1,2,2,
5_1_2_3,0.014,NA,0.032,49,,,,,5,1,2,3,
5_1_2_4,0.026,NA,0.04,50,,,,,5,1,2,4,
5_1_2_5,0.019,NA,0.036,70,,,,,5,1,2,5,
5_1_2_6,0.019,NA,0.034,45,,,,,5,1,2,6,
5_1_2_7,0.018,NA,0.035,60,,,,,5,1,2,7,
5_1_2_8,0.016,NA,0.04,60,,,,,5,1,2,8,
5_1_2_9,0.024,NA,0.036,60,,yes,,,5,1,2,9,
5_1_2_10,0.019,NA,0.042,60,,,,,5,1,2,10,
5_1_3_1,0.7487401008,,0.042,3,,,,,5,1,3,1,
5_1_3_2,1.118310535,,0.05,2,,,,,5,1,3,2,
5_1_3_3,1.816654668,,0.043,2,,,,,5,1,3,3,
5_1_3_4,0.8783297336,,0.049,3,,,,,5,1,3,4,
5_1_3_5,1.339092873,,0.035,2,,,,,5,1,3,5,
5_1_3_6,1.473482121,,0.042,3,,,,,5,1,3,6,
5_1_3_7,0.7151427886,,0.037,4,,,,,5,1,3,7,
5_1_3_8,0.7535397168,,0.049,3,,,,,5,1,3,8,
5_1_3_9,1.235901128,,0.043,1,,,,,5,1,3,9,
5_1_3_10,0.4871610271,,0.039,3,,,,,5,1,3,10,
5_1_4_1,NA,NA,0.045,17,,,,,5,1,4,1,
5_1_4_2,NA,NA,0.044,18,,,,,5,1,4,2,
5_1_4_3,NA,NA,0.039,17,,,,,5,1,4,3,
5_1_4_4,NA,NA,0.038,15,,,,,5,1,4,4,
5_1_4_5,NA,NA,0.042,17,,,,,5,1,4,5,
5_1_4_6,NA,NA,0.041,16,,,,,,,,,
5_1_4_7,NA,NA,0.043,10,,,,,,,,,
5_1_4_8,NA,NA,0.045,17,,yes,,,,,,,
5_1_4_9,NA,NA,0.05,13,,,,,,,,,
5_1_4_10,NA,NA,0.045,8,,,,,,,,,
5_2_1_1,0.3575713943,0.0149,0.0247,1,,,,,5,2,1,1,
5_2_1_2,0.1967842573,0.0076,0.034,3,,,,,5,2,1,2,
5_2_1_3,0.2735781138,0.0102,0.031,2,,,,,5,2,1,3,
5_2_1_4,0.1703863691,0.004,0.0282,3,,yes,,,5,2,1,4,
5_2_1_5,0.1343892489,0.0045,0.0256,2,,,,,5,2,1,5,
5_2_1_6,0.1775857931,0.0037,0.0444,3,,,,,5,2,1,6,
5_2_1_7,0.1871850252,0.0053,0.0253,3,,,,,5,2,1,7,
5_2_1_8,0.2183825294,0.0107,0.0476,3,,,,,5,2,1,8,
5_2_1_9,0.1367890569,0.0045,0.0316,3,,,,,5,2,1,9,
5_2_1_10,0.160787137,0.0054,0.0445,3,,yes,,,5,2,1,10,
5_2_2_1,0.45,0.0134,0.0496,2,,,,,5,2,2,1,
5_2_2_2,0.5,0.0118,0.0359,1,,,,,5,2,2,2,
5_2_2_3,0.29,0.0075,0.0385,2,,,,,5,2,2,3,
5_2_2_4,0.58,0.0186,0.023,1,,,,,5,2,2,4,
5_2_2_5,0.56,0.0158,0.0267,2,,,,,5,2,2,5,
5_2_2_6,0.57,0.0183,0.039,1,,,,,5,2,2,6,
5_2_2_7,0.6,0.0148,0.0383,1,,,,,5,2,2,7,
5_2_2_8,0.34,0.0091,0.0372,2,,,,,5,2,2,8,
5_2_2_9,0.38,0.0115,0.0241,2,,,,,5,2,2,9,
5_2_2_10,0.85,0.027,0.0284,1,,,,,5,2,2,10,
5_2_3_1,12.05423566,0.0936,0.031,1,,,,,5,2,3,1,
5_2_3_2,12.8149748,0.115,0.038,1,,,,,5,2,3,2,
5_2_3_3,9.716822654,0.1061,0.05,1,,,,,5,2,3,3,
5_2_3_4,15.09959203,0.1769,0.0434,partial,,,,,5,2,3,4,
5_2_3_5,10.31197504,0.1109,0.039,1,,yes,yes,,5,2,3,5,
5_2_3_6,13.72450204,0.1333,0.04,1,,,,,5,2,3,6,
5_2_3_7,8.022558195,0.0891,0.041,1,,,,,5,2,3,7,
5_2_3_8,11.13030958,0.115,0.0338,partial,,,yes,,5,2,3,8,
5_2_3_9,6.657067435,0.0534,0.049,1,,,,,5,2,3,9,
5_2_3_10,5.531557475,0.0529,0.04,1,,,,,5,2,3,10,
5_2_4_1,0.15,0.0026,0.0241,4,,yes,,,5,2,4,1,
5_2_4_2,0.16,0.003,0.035,8,,,,,5,2,4,2,
5_2_4_3,0.11,0.0025,0.031,8,,,,,5,2,4,3,
5_2_4_4,0.16,0.0015,0.039,9,,,,,5,2,4,4,
5_2_4_5,0.09,0.0023,0.036,10,,,,,5,2,4,5,
5_2_4_6,0.09,0.0021,0.047,9,,,,,5,2,4,6,
5_2_4_7,0.1,0.0022,0.042,11,,,,,5,2,4,7,
5_2_4_8,0.1,0.0021,0.046,11,,,,,5,2,4,8,
5_2_4_9,0.15,0.0033,0.0237,7,,,,,5,2,4,9,
5_2_4_10,0.12,0.0027,0.047,10,,,,,5,2,4,10,
5_2_5_1,4.61963043,NA,0.0273,partial,,,,,5,2,5,1,
5_2_5_2,6.479481641,0.0513,0.0386,partial,,,,,5,2,5,2,
5_2_5_3,3.638108951,0.0235,0.048,1,,,,,5,2,5,3,
5_2_5_4,3.875689945,NA,0.04,1,,,,,5,2,5,4,
5_2_5_5,13.21094312,0.0923,0.0404,partial,,,,,5,2,5,5,
5_2_5_6,5.92512599,NA,0.05,1,,,,,5,2,5,6,
5_2_5_7,9.361651068,0.0628,0.045,1,,,,,5,2,5,7,
5_2_5_8,13.25413967,NA,0.04,1,,,,,5,2,5,8,
5_2_5_9,9.152867771,NA,0.047,1,,,,,5,2,5,9,
5_2_5_10,20.74154068,0.206,0.045,1,,,,,5,2,5,10,
5_2_6_1,0.2375809935,NA,0.0272,7,,yes,,,5,2,6,1,
5_2_6_2,0.5423566115,NA,0.0363,3,,,,,5,2,6,2,
5_2_6_3,0.2423806096,0.0018,0.0287,5,,,,,5,2,6,3,
5_2_6_4,0.2159827214,0.0009,0.035,10,,,,,5,2,6,4,
5_2_6_5,0.3431725462,NA,0.0357,6,,,,,5,2,6,5,
5_2_6_6,0.6287497,NA,0.0465,3,,yes,,,5,2,6,6,
5_2_6_7,0.1271898248,NA,0.0371,10,,,,,5,2,6,7,
5_2_6_8,0.1415886729,NA,0.0333,12,,,,,5,2,6,8,
5_2_6_9,0.2471802256,0.0018,0.0407,6,,,,,5,2,6,9,
5_2_6_10,0.1151907847,NA,0.0324,10,,,,,5,2,6,10,
5_2_7_1,2.47,0.0743,0.048,1,,yes,,,5,2,7,1,
5_2_7_2,4.16,0.1235,0.044,1,,,,,5,2,7,2,
5_2_7_3,3.49,0.0934,0.035,1,,,,,5,2,7,3,
5_2_7_4,4.61,0.1403,0.043,1,,,,,5,2,7,4,
5_2_7_5,4.98,0.1584,0.041,1,,,,,5,2,7,5,
5_2_7_6,3.18,0.1173,0.047,1,,,,,5,2,7,6,
5_2_7_7,3.95,0.1194,0.043,1,,,,,5,2,7,7,
5_2_7_8,1.11,0.0269,0.044,1,,,,,5,2,7,8,
5_2_7_9,3.4,0.1149,0.047,1,,,,,5,2,7,9,
5_2_7_10,3.21,0.0807,0.041,1,,,,,5,2,7,10,
5_3_1_1,0.5,0.0166,0.0273,2,,,,,5,3,1,1,
5_3_1_2,0.3,0.0084,0.043,3,,,,,5,3,1,2,
5_3_1_3,0.16,0.0038,0.041,3,,,,,5,3,1,3,
5_3_1_4,0.3,0.0089,0.046,2,,,,,5,3,1,4,
5_3_1_5,0.27,0.0077,0.042,5,,,,,5,3,1,5,
5_3_1_6,0.26,0.0068,0.0493,3,,,,,5,3,1,6,
5_3_1_7,0.45,0.0112,0.0493,2,,,,,5,3,1,7,
5_3_1_8,0.25,0.0065,0.034,4,,,,,5,3,1,8,
5_3_1_9,0.29,0.0069,0.05,5,,,,,5,3,1,9,
5_3_1_10,0.38,0.007,0.05,5,,,,,5,3,1,10,
5_3_2_1,0.38,0.014,0.048,2,,,,,5,3,2,1,
5_3_2_2,0.36,0.0128,0.04,3,,,,,5,3,2,2,
5_3_2_3,0.54,0.0151,0.043,2,,,,,5,3,2,3,
5_3_2_4,0.45,0.0176,0.045,4,,yes,,,5,3,2,4,
5_3_2_5,0.37,0.0118,0.046,2,,,,,5,3,2,5,
5_3_2_6,0.19,0.0045,0.043,6,,,,,5,3,2,6,
5_3_2_7,0.22,0.005,0.042,3,,,,,5,3,2,7,
5_3_2_8,0.2,0.0052,0.039,3,,,,,5,3,2,8,
5_3_2_9,0.4,0.135,0.04,3,,,,,5,3,2,9,
5_3_2_10,0.32,0.0132,0.049,2,,,,,5,3,2,10,
5_3_3_1,0.2423806096,0.0034,0.04,5,,,no,,5,3,3,1,
5_3_3_2,1.372690185,0.0144,0.041,4,,,no,,5,3,3,2,
5_3_3_3,0.5663546916,0.0071,0.045,4,,,no,,5,3,3,3,
5_3_3_4,0.2471802256,0.0047,0.044,5,,,no,,5,3,3,4,
5_3_3_5,0.8975281977,0.0085,0.036,5,,,no,,5,3,3,5,
5_3_3_6,1.624670026,0.0124,0.037,3,,,no,,5,3,3,6,
5_3_3_7,1.291096712,0.0101,0.039,4,,,no,,5,3,3,7,
5_3_3_8,1.459083273,0.0123,0.046,4,,,no,,5,3,3,8,
5_3_3_9,0.6791456683,0.0051,0.046,2,,,yes,,5,3,3,9,
5_3_3_10,1.461483081,0.0097,0.042,3,,,no,,5,3,3,10,
5_3_4_1,6.32349412,0.0554,0.0391,partial,,,no,,5,3,4,1,
5_3_4_2,8.200143988,0.0741,0.0468,partial,,,no,,5,3,4,2,
5_3_4_3,4.650827934,0.0457,0.0477,partial,,,no,,5,3,4,3,
5_3_4_4,12.61099112,0.1275,0.0345,partial,,,no,,5,3,4,4,
5_3_4_5,8.874490041,0.0632,0.0305,partial,,,yes,,5,3,4,5,
5_3_4_6,12.4838013,0.0891,0.0339,partial,,,yes,,5,3,4,6,
5_3_4_7,10.837533,0.0637,0.0363,partial,,,yes,,5,3,4,7,
5_3_4_8,20.66474682,0.1447,0.0319,partial,,,no,,5,3,4,8,
5_3_4_9,6.918646508,0.0639,0.0475,partial,,,no,,5,3,4,9,
5_3_4_10,6.222702184,0.0582,0.045,partial,,,no,,5,3,4,10,
5_3_5_1,2.920566355,0.0167,0.0385,partial,,,no,,5,3,5,1,
5_3_5_2,3.275737941,NA,0.0373,partial,,,no,,5,3,5,2,
5_3_5_3,1.648668107,0.0131,0.041,1,,,no,,5,3,5,3,
5_3_5_4,2.505399568,0.0263,0.0368,1,,,no,,5,3,5,4,
5_3_5_5,1.864650828,0.0162,0.0439,1,,,no,,5,3,5,5,
5_3_5_6,2.347012239,0.0118,0.0463,partial,,,no,,5,3,5,6,
5_3_5_7,2.284617231,0.0214,0.0487,partial,,,no,,5,3,5,7,
5_3_5_8,2.279817615,0.0159,0.0344,partial,,,yes,,5,3,5,8,
5_3_5_9,2.301415887,0.0141,0.0454,1,,,yes,,5,3,5,9,
5_3_5_10,3.165346772,0.0136,0.0488,partial,,,yes,,5,3,5,10,
5_3_6_1,2.567794576,0.0218,0.036,partial,,,no,,5,3,6,1,
5_3_6_2,3.652507799,0.0179,0.0399,partial,,,no,,5,3,6,2,
5_3_6_3,3.062155028,0.0168,0.0386,partial,,,no,,5,3,6,3,
5_3_6_4,1.655867531,0.0108,0.0334,partial,,,no,,5,3,6,4,
5_3_6_5,3.916486681,0.0182,0.0274,partial,,,no,,5,3,6,5,
5_3_6_6,2.169426446,0.0109,0.0377,partial,,,no,,5,3,6,6,
5_3_6_7,2.426205904,0.004,0.0314,partial,,,yes,,5,3,6,7,
5_3_6_8,2.344612431,0.0062,0.0304,1,,,yes,,5,3,6,8,
5_3_6_9,1.634269258,0.009,0.0293,partial,,,no,,5,3,6,9,
5_3_6_10,3.510919126,0.0183,0.0398,1,,,no,,5,3,6,10,
5_3_7_1,0.4943604512,NA,0.026,6,,,broken,,5,3,7,1,
5_3_7_2,0.2519798416,NA,0.0316,7,,,broken,,5,3,7,2,
5_3_7_3,0.2183825294,0.0012,0.0365,6,,,yes,,5,3,7,3,
5_3_7_4,0.7175425966,0.0022,0.0387,4,,,yes,,5,3,7,4,
5_3_7_5,1.103911687,0.0027,0.0278,4,,,yes,,5,3,7,5,
5_3_7_6,0.6671466283,NA,0.0369,5,,,broken,,5,3,7,6,
5_3_7_7,0.9527237821,NA,0.0387,5,,,broken,,5,3,7,7,
5_3_7_8,0.5999520038,NA,0.03,5,,,broken,,5,3,7,8,
5_3_7_9,0.5303575714,0.0015,0.0339,5,,,no,,5,3,7,9,
5_3_7_10,0.4511639069,NA,0.0336,5,,,broken,,5,3,7,10,
6_1_1_1,0.49,0.0124,0.0292,1,,,,,6,1,1,1,
6_1_1_2,0.36,0.0102,0.0355,2,,,,,6,1,1,2,
6_1_1_3,0.5,0.0144,0.0342,1,,,,,6,1,1,3,
6_1_1_4,0.3,0.008,0.0374,2,,,,,6,1,1,4,
6_1_1_5,0.53,0.0122,0.0336,1,,,,,6,1,1,5,
6_1_1_6,0.56,0.016,0.0276,1,,,,,6,1,1,6,
6_1_1_7,0.5,0.0121,0.0286,1,,,,,6,1,1,7,
6_1_1_8,0.48,0.0126,0.0458,2,,,,,6,1,1,8,
6_1_1_9,0.41,0.0121,0.0437,2,,,,,6,1,1,9,
6_1_1_10,0.43,0.0116,0.0453,2,,,,,6,1,1,10,
6_1_2_1,0.17,0.0055,0.0377,3,,,,,6,1,2,1,
6_1_2_2,0.18,0.0054,0.0296,3,,,,,6,1,2,2,
6_1_2_3,0.23,0.0079,0.0394,2,,,,,6,1,2,3,
6_1_2_4,0.13,0.0044,0.0341,4,,,,,6,1,2,4,
6_1_2_5,0.26,0.0092,0.0393,2,,,,,6,1,2,5,
6_1_2_6,0.14,0.0049,0.0294,3,,,,,6,1,2,6,
6_1_2_7,0.13,0.0035,0.035,3,,,,,6,1,2,7,
6_1_2_8,0.19,0.006,0.0444,3,,,,,6,1,2,8,
6_1_2_9,0.21,0.0057,0.0364,3,,yes,,,6,1,2,9,
6_1_2_10,0.234,0.0072,0.0357,3,,,,,6,1,2,10,
6_1_3_1,0.3157016917,0.0014,0.0217,8,,,,,6,1,3,1,
6_1_3_2,0.4395997141,0.0027,0.0249,4,,,,,6,1,3,2,
6_1_3_3,0.4565165594,NA,0.0332,4,,,,,6,1,3,3,
6_1_3_4,0.4014772457,NA,0.0293,5,,,,,6,1,3,4,
6_1_3_5,0.626161544,0.0023,0.0238,6,,,,,6,1,3,5,
6_1_3_6,0.4934477007,0.0019,0.0289,4,,,,,6,1,3,6,
6_1_3_7,0.6185370503,0.0024,0.0385,5,,,,,6,1,3,7,
6_1_3_8,0.6990707648,0.0032,0.0226,4,,,,,6,1,3,8,
6_1_3_9,0.3035501549,0.0018,0.0368,5,,,,,6,1,3,9,
6_1_3_10,NA,NA,0.034,4,,,,,6,1,3,10,
6_1_4_1,0.13,0.0015,0.0288,5,,,,,6,1,4,1,
6_1_4_2,0.12,0.0028,0.0302,5,yes,,,,6,1,4,2,
6_1_4_3,0.08,0.002,0.0213,5,,,,,6,1,4,3,
6_1_4_4,0.13,0.0029,0.0283,4,,,,,6,1,4,4,
6_1_4_5,0.09,0.0023,0.0341,7,,,,,6,1,4,5,
6_1_4_6,0.12,0.0023,0.0256,4,,,,,6,1,4,6,
6_1_4_7,0.09,0.0017,0.0311,6,,,,,6,1,4,7,
6_1_4_8,0.12,0.0031,0.0275,4,,,,,6,1,4,8,
6_1_4_9,0.08,0.0018,0.0284,6,,,,,6,1,4,9,
6_1_4_10,0.1,0.0016,0.0295,7,,,,,6,1,4,10,
6_2_1_1,0.54,0.0134,0.0298,1,,,,,6,2,1,1,
6_2_1_2,0.29,0.0072,0.0349,2,,,,,6,2,1,2,
6_2_1_3,0.36,0.008,0.0331,2,,,,,6,2,1,3,
6_2_1_4,0.33,0.0087,0.0357,2,,,,,6,2,1,4,
6_2_1_5,0.44,0.01,0.0312,2,,,,,6,2,1,5,
6_2_1_6,0.36,0.0095,0.0441,2,,,,,6,2,1,6,
6_2_1_7,0.38,0.0092,0.0344,2,,,,,6,2,1,7,
6_2_1_8,0.29,0.0084,0.0233,1,,,,,6,2,1,8,
6_2_1_9,0.31,0.0088,0.0413,2,,,,,6,2,1,9,
6_2_1_10,0.27,0.0063,0.0311,2,,yes,,,6,2,1,10,
6_2_2_1,10.43676506,0.1002,0.0295,partial,,,,,6,2,2,1,
6_2_2_2,10.19198464,0.1048,0.0257,partial,,,,,6,2,2,2,
6_2_2_3,19.2512599,0.1789,0.0465,partial,,,,,6,2,2,3,
6_2_2_4,9.784017279,0.0858,0.0444,partial,,,,,6,2,2,4,
6_2_2_5,22.29661627,0.211,0.0384,partial,,,,,6,2,2,5,
6_2_2_6,10.52555796,0.1021,0.0332,partial,,,,,6,2,2,6,
6_2_2_7,24.8212143,NA,0.0474,partial,,,,,6,2,2,7,
6_2_2_8,12.64458843,0.111,0.0377,partial,,,,,6,2,2,8,
6_2_2_9,9.786417087,0.0833,0.0396,partial,,,,,6,2,2,9,
6_2_2_10,6.870650348,0.0596,0.0309,partial,,,,,6,2,2,10,
6_2_3_1,15.25317975,0.1257,0.0436,partial,,,,,6,2,3,1,
6_2_3_2,17.18262539,0.1563,0.0487,partial,,,,,6,2,3,2,
6_2_3_3,6.129109671,0.0572,0.0404,partial,,,,,6,2,3,3,
6_2_3_4,6.551475882,0.0373,0.0285,partial,,,,,6,2,3,4,
6_2_3_5,17.22102232,0.1203,0.0342,partial,,yes,,,6,2,3,5,
6_2_3_6,32.40460763,0.3091,0.0445,partial,,,,,6,2,3,6,
6_2_3_7,26.83465323,0.1945,0.0436,partial,,,,,6,2,3,7,
6_2_3_8,28.28413727,0.3188,0.0432,partial,,,,,6,2,3,8,
6_2_3_9,8.317734581,0.0832,0.0365,partial,,,,,6,2,3,9,
6_2_3_10,16.30669546,0.1555,0.0399,partial,,,,,6,2,3,10,
6_2_4_1,0.12,0.0022,0.0315,6,,,,,6,2,4,1,
6_2_4_2,0.16,0.002,0.027,5,,yes,,,6,2,4,2,
6_2_4_3,0.14,0.0034,0.0357,6,,,,,6,2,4,3,
6_2_4_4,0.11,0.0018,0.0257,6,,,,,6,2,4,4,
6_2_4_5,0.17,0.0032,0.0441,4,,,,,6,2,4,5,
6_2_4_6,0.11,0.0037,0.0296,6,,,,,6,2,4,6,
6_2_4_7,0.15,0.0036,0.0326,4,,,,,6,2,4,7,
6_2_4_8,0.13,0.0028,0.0299,5,,,,,6,2,4,8,
6_2_4_9,0.13,0.0032,0.028,6,,,,,6,2,4,9,
6_2_4_10,0.23,0.0042,0.0407,5,,,,,6,2,4,10,
6_2_5_1,1.58387329,0.0159,0.0287,1,,,,,6,2,5,1,
6_2_5_2,1.757859371,0.0125,0.0461,1,,,,,6,2,5,2,
6_2_5_3,1.507319414,0.0104,0.0305,1,,,,,6,2,5,3,
6_2_5_4,1.587233021,0.0118,0.0322,1,,,,,6,2,5,4,
6_2_5_5,1.109191265,0.0091,0.0243,1,,,,,6,2,5,5,
6_2_5_6,1.234461243,0.0105,0.0352,1,,,,,6,2,5,6,
6_2_5_7,1.291336693,0.0073,0.027,1,,,,,6,2,5,7,
6_2_5_8,0.4842812575,0.0054,0.0274,3,,,,,6,2,5,8,
6_2_5_9,1.420926326,0.0143,0.0302,1,,,,,6,2,5,9,
6_2_5_10,0.9366450684,0.0107,0.0316,1,,,,,6,2,5,10,
6_2_6_1,1.590112791,NA,0.0271,2,,,,,6,2,6,1,
6_2_6_2,2.540196784,NA,0.0456,2,,,,,6,2,6,2,
6_2_6_3,2.861291097,NA,0.0413,2,,,,,6,2,6,3,
6_2_6_4,3.108231341,NA,0.034,2,,,,,6,2,6,4,
6_2_6_5,2.826973842,NA,0.0391,2,,,,,6,2,6,5,
6_2_6_6,3.684425246,NA,0.0347,1,,,,,6,2,6,6,
6_2_6_7,1.158867291,0.0047,0.0371,1,,,,,6,2,6,7,
6_2_6_8,4.495800336,NA,0.0414,1,,,,,6,2,6,8,
6_2_6_9,5.035517159,NA,0.0475,2,,,,,6,2,6,9,
6_2_6_10,2.665466763,NA,0.0337,1,,,,,6,2,6,10,
6_2_7_1,7.031437485,0.04,0.0285,partial,,,,,6,2,7,1,
6_2_7_2,1.204703624,0.0116,0.0401,2,,,,,6,2,7,2,
6_2_7_3,1.355891529,0.0061,0.042,1,,,yes,,6,2,7,3,
6_2_7_4,4.06287497,0.02,0.0444,1,,,,,6,2,7,4,
6_2_7_5,2.282217423,0.01,0.0381,1,,,,,6,2,7,5,
6_2_7_6,3.38612911,0.02,0.0473,1,,,,,6,2,7,6,
6_2_7_7,8.012958963,0.08,0.0362,partial,,,,,6,2,7,7,
6_2_7_8,4.379649628,0.04,0.0441,partial,,,,,6,2,7,8,
6_2_7_9,2.594192465,0.02,0.039,partial,,,,,6,2,7,9,
6_2_7_10,5.406767459,0.03,0.0471,partial,,,,,6,2,7,10,
6_3_1_1,0.43,0.0101,0.045,3,,,,,6,3,1,1,
6_3_1_2,0.4,0.0104,0.046,3,,,,,6,3,1,2,
6_3_1_3,0.48,0.0165,0.043,3,,yes,,,6,3,1,3,
6_3_1_4,0.27,0.0064,0.036,5,,,,,6,3,1,4,
6_3_1_5,0.15,0.003,0.033,5,,,,,6,3,1,5,
6_3_1_6,0.42,0.01,0.039,3,,,,,6,3,1,6,
6_3_1_7,0.22,0.0051,0.031,5,,,,,6,3,1,7,
6_3_1_8,0.2,0.0046,0.031,5,,,,,6,3,1,8,
6_3_1_9,0.21,0.0051,0.042,4,,,,,6,3,1,9,
6_3_1_10,0.15,0.0026,0.043,3,,,,,6,3,1,10,
6_3_2_1,0.6599472042,0.0051,0.032,10,,,,,6,3,2,1,
6_3_2_2,0.5207583393,0.0027,0.043,10,,,,,6,3,2,2,
6_3_2_3,0.5879529638,0.0019,0.037,10,,,yes,,6,3,2,3,
6_3_2_4,0.307175426,0.0009,0.041,10,,,yes,,6,3,2,4,
6_3_2_5,0.3359731222,0.0015,0.032,10,,,,,6,3,2,5,
6_3_2_6,0.3287736981,0.003,0.046,5,,,,,6,3,2,6,
6_3_2_7,0.4943604512,0.0028,0.046,10,,,,,6,3,2,7,
6_3_2_8,0.5207583393,0.002,0.036,10,,,,,6,3,2,8,
6_3_2_9,0.5351571874,0.0031,0.047,10,,,,,6,3,2,9,
6_3_2_10,0.4151667867,NA,0.048,10,,,broken,,6,3,2,10,
6_3_3_1,2.8,0.0428,0.0328,partial,,,,,6,3,3,1,
6_3_3_2,5.51,0.0462,0.0314,partial,,yes,,,6,3,3,2,
6_3_3_3,2.04,0.0403,0.0349,partial,yes,,,,6,3,3,3,
6_3_3_4,2.09,0.0392,0.0258,partial,,,,,6,3,3,4,
6_3_3_5,1.55,0.0262,0.0286,partial,,,,,6,3,3,5,
6_3_3_6,1.49,0.0241,0.0349,partial,,,,,6,3,3,6,
6_3_3_7,2.14,0.0419,0.0417,partial,,,,,6,3,3,7,
6_3_3_8,2.8,0.0583,0.0374,partial,,,,,6,3,3,8,
6_3_3_9,2.27,0.0378,0.0426,partial,,,,,6,3,3,9,
6_3_3_10,2.46,0.0379,0.0377,partial,,,,,6,3,3,10,
6_3_4_1,0.1,0.0018,0.0345,5,,,,,6,3,4,1,
6_3_4_2,0.1,0.0024,0.0456,9,,,,,6,3,4,2,
6_3_4_3,0.13,0.0031,0.0459,8,yes,,,,6,3,4,3,
6_3_4_4,0.1,0.0025,0.043,6,,,,,6,3,4,4,
6_3_4_5,0.08,0.0018,0.0298,8,,,,,6,3,4,5,
6_3_4_6,0.08,0.0022,0.0293,7,,,,,6,3,4,6,
6_3_4_7,0.11,0.0024,0.0446,7,,,,,6,3,4,7,
6_3_4_8,0.16,0.0033,0.0308,7,,,,,6,3,4,8,
6_3_4_9,0.05,0.0013,0.0308,7,,,,,6,3,4,9,
6_3_4_10,0.09,0.0017,0.0385,9,,,,,6,3,4,10,
6_3_5_1,93.8636909,NA,0.048,partial,,,,,6,3,5,1,
6_3_5_2,103.1893449,NA,0.0332,partial,,,,,6,3,5,2,
6_3_5_3,46.43868491,NA,0.034,partial,,,,,6,3,5,3,
6_3_5_4,56.1075114,0.8783,0.0328,partial,,,,,6,3,5,4,
6_3_5_5,47.724982,0.5958,0.0345,partial,yes,,,,6,3,5,5,
6_3_5_6,42.01823854,0.4559,0.0307,partial,,,,,6,3,5,6,
6_3_5_7,37.69858411,0.3144,0.0454,partial,,,,,6,3,5,7,
6_3_5_8,51.43508519,0.6916,0.0486,partial,,,,,6,3,5,8,
6_3_5_9,36.66666667,0.5353,0.0438,partial,,,,,6,3,5,9,
6_3_5_10,32.86297096,0.3109,0.0438,partial,,,,,6,3,5,10,
6_3_6_1,18.02975762,NA,0.0382,partial,,,,,6,3,6,1,
6_3_6_2,9.200863931,NA,0.0452,partial,,,,,6,3,6,2,
6_3_6_3,24.15646748,NA,0.0462,partial,,,,,6,3,6,3,
6_3_6_4,26.79145668,NA,0.0423,partial,,,,,6,3,6,4,
6_3_6_5,23.67890569,NA,0.0498,partial,,,,,6,3,6,5,
6_3_6_6,14.66042717,NA,0.0425,partial,,,,,6,3,6,6,
6_3_6_7,4.910007199,NA,0.0395,partial,,,,,6,3,6,7,
6_3_6_8,20.56635469,NA,0.033,partial,,,,,6,3,6,8,
6_3_6_9,19.33285337,NA,0.0388,partial,,,,,6,3,6,9,
6_3_6_10,17.17542597,NA,0.042,partial,,,,,6,3,6,10,
7_1_1_1,5.346772258,0.0397,0.043,1,,,,,7,1,1,1,
7_1_1_2,3.806095512,NA,0.05,1,,,,,7,1,1,2,
7_1_1_3,4.926805856,0.0512,0.042,1,,,,,7,1,1,3,
7_1_1_4,1.634269258,NA,0.038,2,,,,,7,1,1,4,
7_1_1_5,2.867770578,0.0246,0.034,1,,,,,7,1,1,5,
7_1_1_6,3.894888409,0.0388,0.044,2,,,,,7,1,1,6,
7_1_1_7,9.076073914,NA,0.042,1,,,,,7,1,1,7,
7_1_1_8,8.502519798,0.0802,0.04,1,yes,,,,7,1,1,8,
7_1_1_9,8.552915767,NA,0.042,1,,,,,7,1,1,9,
7_1_1_10,9.664026878,0.0774,0.04,1,,,,,7,1,1,10,
7_1_2_1,2.52,0.2219,0.04,1,,,,,7,1,2,1,
7_1_2_2,1.85,0.015,0.04,1,,,,,7,1,2,2,
7_1_2_3,1.28,0.0109,0.039,1,,yes,,,7,1,2,3,
7_1_2_4,2.17,0.0184,0.045,1,,,,,7,1,2,4,
7_1_2_5,2.24,0.0183,0.04,1,,,,,7,1,2,5,
7_1_2_6,1.8,0.0158,0.038,1,,,,,7,1,2,6,
7_1_2_7,8.27,0.0778,0.047,1,,,,,7,1,2,7,
7_1_2_8,2.58,0.0211,0.037,1,,,,,7,1,2,8,
7_1_2_9,2.2,0.194,0.04,1,,,,,7,1,2,9,
7_1_2_10,1.86,0.0138,0.035,1,,,,,7,1,2,10,
7_1_3_1,9.648908087,NA,0.045,1,,,,,7,1,3,1,
7_1_3_2,6.956083513,NA,0.048,1,,,,,7,1,3,2,
7_1_3_3,8.131989441,NA,0.033,1,,,,,7,1,3,3,
7_1_3_4,6.565394768,NA,0.041,1,,,,,7,1,3,4,
7_1_3_5,11.99472042,NA,0.045,1,,,,,7,1,3,5,
7_1_3_6,5.497240221,NA,0.033,1,,,,,7,1,3,6,
7_1_3_7,9.539476842,NA,0.036,1,,,,,7,1,3,7,
7_1_3_8,5.977441805,NA,0.034,1,,,,,7,1,3,8,
7_1_3_9,10.65298776,NA,0.04,1,,,,,7,1,3,9,
7_1_3_10,8.238780898,NA,0.036,1,,,,,7,1,3,10,
7_1_4_1,0.2543796496,0.0083,0.047,4,,,,,7,1,4,1,
7_1_4_2,0.2639788817,0.0094,0.039,2,,,,,7,1,4,2,
7_1_4_3,0.4607631389,0.0157,0.047,2,,,,,7,1,4,3,
7_1_4_4,0.470362371,0.0171,0.036,1,,,,,7,1,4,4,
7_1_4_5,0.3263738901,0.0123,0.037,2,,,,,7,1,4,5,
7_1_4_6,0.6791456683,0.0208,0.044,1,,,,,7,1,4,6,
7_1_4_7,0.4415646748,NA,0.039,1,,,,,7,1,4,7,
7_1_4_8,0.1391888649,NA,0.047,3,,,,,7,1,4,8,
7_1_4_9,0.5663546916,0.0197,0.044,2,,,,,7,1,4,9,
7_1_4_10,0.472762179,0.0177,0.046,1,yes,,,,7,1,4,10,
7_1_5_1,0.4847612191,0.0039,0.041,4,,,Check measure,,7,1,5,1,
7_1_5_2,0.3863690905,0.0031,0.033,3,,,,,7,1,5,2,
7_1_5_3,0.3431725462,0.0031,0.03,3,,,,,7,1,5,3,
7_1_5_4,0.31437485,0.0023,0.036,5,,,,,7,1,5,4,
7_1_5_5,0.3863690905,0.0034,0.037,3,,,,,7,1,5,5,
7_1_5_6,0.1991840653,0.0015,0.033,13,,,,,7,1,5,6,
7_1_5_7,0.3671706263,0.0033,0.036,5,,,,,7,1,5,7,
7_1_5_8,0.316774658,0.0028,0.031,12,,,,,7,1,5,8,
7_1_5_9,0.3887688985,0.0036,0.034,7,,,,,7,1,5,9,
7_1_5_10,0.4487640989,0.0036,0.033,6,,,,,7,1,5,10,
7_2_1_1,0.42,0.0077,0.0403,2,,,,,7,2,1,1,
7_2_1_2,0.47,0.01,0.0343,2,,,,,7,2,1,2,
7_2_1_3,0.46,0.008,0.0476,2,,yes,,,7,2,1,3,
7_2_1_4,0.41,0.0093,0.0384,2,,,,,7,2,1,4,
7_2_1_5,0.34,0.0075,0.0401,2,,,,,7,2,1,5,
7_2_1_6,0.35,0.0069,0.0388,2,,,,,7,2,1,6,
7_2_1_7,0.37,0.0069,0.03,2,,,,,7,2,1,7,
7_2_1_8,0.37,0.0081,0.0462,2,,,,,7,2,1,8,
7_2_1_9,0.42,0.0079,0.0314,2,,,,,7,2,1,9,
7_2_1_10,0.47,0.01,0.0276,2,,,,,7,2,1,10,
7_2_2_1,16.91864651,0.1446,0.0337,partial,,,,,7,2,2,1,
7_2_2_2,17.07463403,0.1426,0.0374,partial,,yes,,,7,2,2,2,
7_2_2_3,11.89344852,0.1212,0.0453,partial,,,,,7,2,2,3,
7_2_2_4,23.59731222,0.2204,0.0469,partial,,,,,7,2,2,4,
7_2_2_5,12.87976962,0.1086,0.0409,partial,,,,,7,2,2,5,
7_2_2_6,17.20662347,0.1826,0.0416,partial,,,,,7,2,2,6,
7_2_2_7,10.40796736,0.1094,0.032,partial,,,,,7,2,2,7,
7_2_2_8,7.153827694,NA,0.0299,partial,,,,,7,2,2,8,
7_2_2_9,8.917686585,NA,0.0297,partial,,,,,7,2,2,9,
7_2_2_10,14.55483561,0.1235,0.0424,partial,,,,,7,2,2,10,
7_2_3_1,3.094552436,0.0185,0.0323,1,,,,,7,2,3,1,
7_2_3_2,1.588192945,0.0108,0.0487,2,,,,,7,2,3,2,
7_2_3_3,2.453323734,0.0162,0.0269,1,,,,,7,2,3,3,
7_2_3_4,3.019438445,0.0114,0.0341,1,,,,,7,2,3,4,
7_2_3_5,5.065274778,0.0251,0.0305,1,,,,,7,2,3,5,
7_2_3_6,5.047516199,0.0225,0.0483,partial,,,,,7,2,3,6,
7_2_3_7,4.239020878,0.0181,0.0434,1,,,,,7,2,3,7,
7_2_3_8,4.652267819,0.0171,0.038,1,,,,,7,2,3,8,
7_2_3_9,6.342692585,0.0314,0.0452,partial,,,,,7,2,3,9,
7_2_3_10,3.076553876,0.0141,0.0377,1,,,,,7,2,3,10,
7_2_4_1,0.3491720662,0.0035,0.0291,4,,,no,,7,2,4,1,
7_2_4_2,0.5814734821,0.005,0.0416,3,,,no,,7,2,4,2,
7_2_4_3,0.3436525078,0.0032,0.0258,4,,,no,,7,2,4,3,
7_2_4_4,0.4024478042,0.003,0.0271,4,,,no,,7,2,4,4,
7_2_4_5,0.37724982,0.0035,0.0301,4,,,no,,7,2,4,5,
7_2_4_6,0.588912887,0.0052,0.0347,2,,,no,,7,2,4,6,
7_2_4_7,0.2272618191,0.0015,0.0265,4,,,no,,7,2,4,7,
7_2_4_8,0.4290856731,0.0041,0.0277,3,,,no,,7,2,4,8,
7_2_4_9,0.7840172786,0.0048,0.036,2,,,no,,7,2,4,9,
7_2_4_10,0.6287497,0.0057,0.043,3,,,no,,7,2,4,10,
Ast_Alta_ 2_1,0.5975521958,0.0047,0.045,2,,,yes,,Ast,Alta,2,1,
Ast_Alta_ 2_2,0.475161987,0.0024,0.04,5,,,no,,Ast,Alta,2,2,
Ast_Alta_ 2_3,0.3959683225,0.0044,0.043,2,,,yes,,Ast,Alta,2,3,
Ast_Alta_ 2_4,0.9767218623,0.0065,0.038,1,,,no,,Ast,Alta,2,4,
Ast_Alta_ 2_5,1.012718982,0.0041,0.047,3,,,no,,Ast,Alta,2,5,
Ast_Alta_ 2_6,0.5615550756,0.0022,0.042,2,,,yes,,Ast,Alta,2,6,
Ast_Alta_ 2_7,0.5975521958,0.0065,0.046,3,,,no,,Ast,Alta,2,7,
Ast_Alta_ 2_8,1.154307655,0.0022,0.05,5,,,no,,Ast,Alta,2,8,
Ast_Alta_ 2_9,0.3815694744,0.0099,0.043,2,,,no,,Ast,Alta,2,9,
Ast_Alta_ 2_10,0.9959203264,0.0031,0.05,4,,,yes,,Ast,Alta,2,10,
Ast_school_1_1,0.33,0.0028,0.047,5,,,,,Ast,school,1,1,
Ast_school_1_2,0.21,0.0024,0.034,6,,,,,Ast,school,1,2,
Ast_school_1_3,0.25,0.0023,0.035,7,,,,,Ast,school,1,3,
Ast_school_1_4,0.26,0.0025,0.032,8,,,,,Ast,school,1,4,
Ast_school_1_5,0.12,0.0013,0.036,10,,,,,Ast,school,1,5,
Ast_school_1_6,0.31,0.0033,0.039,4,,,,,Ast,school,1,6,
Ast_school_1_7,0.18,0.0018,0.037,3,,,,,Ast,school,1,7,
Ast_school_1_8,0.26,0.0025,0.032,7,,,,,Ast,school,1,8,
Ast_school_1_9,0.14,0.0014,0.035,8,,,,,Ast,school,1,9,
Ast_school_1_10,0.16,0.0018,0.045,6,,,,,Ast,school,1,10,