ID,Series,Repeat,Ambient Humidity,Ambient Temperature,Leaf Angle,Leaf Temp Differential,LEF,Light Intensity (PAR),NPQt,Phi2,PhiNO,PhiNPQ,Relative Chlorophyll,time,Notes,Take a picture of leaf,What is label (location_site_plantTaxon_indiv),What is taxon,Time of Day,User,Device ID,Latitude,Longitude,Issues
898850,Whole Data Set,1,39.810547,19.780001,14.95,-0.090001,67.108,490,0.348,0.304,0.516,0.18,-1.303662859,7/4/18 11:08,na,,3_1_1_1,pinus albicaulis,11.13444444,harrisonjg,01:12:37:24,0,0,2
898849,Whole Data Set,1,35.960938,19.85,36.17,-0.92,137.122,1066,1.222,0.286,0.321,0.393,1.295785742,7/4/18 11:11,na,,3_1_1_2,pinus albicaulis,11.185,harrisonjg,01:12:37:24,0,0,2
898848,Whole Data Set,1,33.506836,20.540001,31.93,-1.950001,141.817,1988,0.257,0.159,0.67,0.172,2.918471839,7/4/18 11:17,na,,3_1_1_3,pinus albicaulis,11.29916667,harrisonjg,01:12:37:24,0,0,1
898847,Whole Data Set,1,30.084961,22.34,33.33,-0.91,88.575,1811,1.366,0.109,0.377,0.515,4.178810555,7/4/18 11:35,na,,3_1_1_4,pinus albicaulis,11.58583333,harrisonjg,01:12:37:24,0,0,1
898846,Whole Data Set,1,31.368164,22.59,6.96,0.56,151.456,1767,1.249,0.19,0.36,0.45,3.115399764,7/4/18 11:44,na,,3_1_1_5,pinus albicaulis,11.74027778,harrisonjg,01:12:37:24,0,0,
898845,Whole Data Set,1,29.842773,21.33,8.23,0.66,11.585,46,0.264,0.56,0.348,0.092,6.608901142,7/4/18 11:52,na,,3_1_1_6,pinus albicaulis,11.8725,harrisonjg,01:12:37:24,0,0,1
898844,Whole Data Set,1,31.75,19.219999,49.12,-1.069999,79.749,512,0.422,0.346,0.46,0.194,2.158330051,7/4/18 12:01,na,,3_1_1_7,pinus albicaulis,12.02444444,harrisonjg,01:12:37:24,0,0,1
898843,Whole Data Set,1,28.780273,25.17,14.62,0.94,11.17,46,0.507,0.54,0.305,0.155,9.787317842,7/4/18 12:15,na,,3_1_1_8,pinus albicaulis,12.25694444,harrisonjg,01:12:37:24,0,0,2
898842,Whole Data Set,1,26.879883,24.09,27.29,-0.14,18.559,71,0.161,0.581,0.361,0.058,7.124852304,7/4/18 12:24,na,,3_1_1_9,pinus albicaulis,12.40027778,harrisonjg,01:12:37:24,0,0,1
898841,Whole Data Set,1,25.1875,21.530001,72.38,-1.250001,26.429,103,0.131,0.57,0.38,0.05,0.315084679,7/4/18 12:28,na,,3_1_1_10,pinus albicaulis,12.47944444,harrisonjg,01:12:37:24,0,0,3
898840,Whole Data Set,1,40.616211,19.23,61.61,1.05,9.064,34,0.258,0.592,0.324,0.084,33.58802678,7/4/18 12:49,na,,3_1_2_1,Primula parryi,12.83,harrisonjg,01:12:37:24,0,0,1
898839,Whole Data Set,1,43.083984,18.93,24.17,-1.3,188.906,1888,1.325,0.222,0.335,0.443,45.06892477,7/4/18 12:52,na,,3_1_2_2,Primula parryi,12.87944444,harrisonjg,01:12:37:24,0,0,1
898838,Whole Data Set,1,40.010742,18.27,18.9,-0.81,19.927,68,0.217,0.651,0.287,0.062,42.20165419,7/4/18 12:55,na,,3_1_2_3,Primula parryi,12.92888889,harrisonjg,01:12:37:24,0,0,
898837,Whole Data Set,1,40.40625,16.82,50.32,-1.24,17.995,62,0.412,0.645,0.251,0.104,32.80031508,7/4/18 13:01,na,,3_1_2_4,Primula parryi,13.025,harrisonjg,01:12:37:24,0,0,
898836,Whole Data Set,1,40.18457,16.870001,14.74,-1.120001,123.599,1636,0.759,0.168,0.473,0.359,38.63725876,7/4/18 13:04,na,,3_1_2_5,Primula parryi,13.07166667,harrisonjg,01:12:37:24,0,0,1
898835,Whole Data Set,1,42.419922,17.07,62.6,-0.7,13.604,61,0.837,0.496,0.275,0.23,36.36864907,7/4/18 13:05,na,,3_1_2_6,Primula parryi,13.09805556,harrisonjg,01:12:37:24,0,0,
898834,Whole Data Set,1,45.460938,16.969999,15.33,0.490001,9.99,34,0.251,0.653,0.278,0.07,35.15557306,7/4/18 13:12,na,,3_1_2_7,Primula parryi,13.20333333,harrisonjg,01:12:37:24,0,0,1
898833,Whole Data Set,1,38.443359,19.74,37.32,-2.01,32.465,115,0.28,0.627,0.291,0.081,46.92004726,7/4/18 13:19,na,,3_1_2_8,Primula parryi,13.31944444,harrisonjg,01:12:37:24,0,0,
898832,Whole Data Set,1,42.433594,19.700001,34.33,-2.010001,94.365,1806,0.3,0.116,0.68,0.204,45.84088224,7/4/18 13:20,na,,3_1_2_9,Primula parryi,13.33972222,harrisonjg,01:12:37:24,0,0,
898831,Whole Data Set,1,41.214844,21.030001,20.28,0.439999,29.458,94,0.383,0.696,0.22,0.084,44.87199685,7/4/18 13:34,na,,3_1_2_10,Primula parryi,13.57333333,harrisonjg,01:12:37:24,0,0,
898830,Whole Data Set,1,33.400391,24.5,13.15,-0.61,144.724,2118,0.448,0.152,0.586,0.262,1.130366286,7/4/18 13:42,na,,3_1_3_1,polemonium viscosa,13.71194444,harrisonjg,01:12:37:24,0,0,3
898829,Whole Data Set,1,41.456055,23.4,6.12,-0.59,165.836,1921,0.717,0.192,0.471,0.338,2.544308783,7/4/18 13:47,na,,3_1_3_2,polemonium viscosa,13.78472222,harrisonjg,01:12:37:24,0,0,1
898828,Whole Data Set,1,35.063477,25.73,35.37,-0.4,166.739,1232,1.393,0.301,0.292,0.407,9.294998031,7/4/18 13:59,na,,3_1_3_3,polemonium viscosa,13.98583333,harrisonjg,01:12:37:24,0,0,
898827,Whole Data Set,1,41.473633,26.549999,42.41,-0.469999,58.31,239,0.097,0.542,0.418,0.04,3.666797952,7/4/18 14:03,na,,3_1_3_4,polemonium viscosa,14.06388889,harrisonjg,01:12:37:24,0,0,1
898826,Whole Data Set,1,30.701172,27.540001,22.04,0.279999,136.978,570,0.446,0.534,0.322,0.144,14.52146514,7/4/18 14:11,na,,3_1_3_5,polemonium viscosa,14.18777778,harrisonjg,01:12:37:24,0,0,1
898825,Whole Data Set,1,33.876953,28.82,20.69,-1.07,141.795,1539,2.478,0.205,0.229,0.567,6.254430878,7/4/18 14:19,na,,3_1_3_6,polemonium viscosa,14.32138889,harrisonjg,01:12:37:24,0,0,
898824,Whole Data Set,1,27.751953,28.65,10.63,-1.22,121.373,566,0.778,0.477,0.294,0.229,1.020086648,7/4/18 14:26,na,,3_1_3_7,polemonium viscosa,14.43944444,harrisonjg,01:12:37:24,0,0,1
898823,Whole Data Set,1,24.365234,32.52,26.46,-3.99,96.856,387,0.435,0.556,0.309,0.135,4.84442694,7/4/18 14:31,na,,3_1_3_8,polemonium viscosa,14.5225,harrisonjg,01:12:37:24,0,0,
898822,Whole Data Set,1,25.008789,27.969999,5.92,-0.159999,137.351,2031,0.422,0.15,0.598,0.252,0.771957464,7/4/18 14:36,na,,3_1_3_9,polemonium viscosa,14.60277778,harrisonjg,01:12:37:24,0,0,1
898821,Whole Data Set,1,27.168945,24.17,15.3,-0.04,70.036,283,0.046,0.55,0.43,0.02,2.457660496,7/4/18 14:42,na,,3_1_3_10,polemonium viscosa,14.70722222,harrisonjg,01:12:37:24,0,0,1
898820,Whole Data Set,1,24.27832,29.219999,3.95,-0.029999,135.418,1874,0.777,0.161,0.472,0.367,9.858211894,7/4/18 14:59,na,,3_1_4_1,potentilla diversifolia,14.99805556,harrisonjg,01:12:37:24,0,0,1
898819,Whole Data Set,1,34.394531,27.33,6,0.24,230.117,1895,1.239,0.27,0.326,0.404,13.87160299,7/4/18 15:06,na,,3_1_4_2,potentilla diversifolia,15.1025,harrisonjg,01:12:37:24,0,0,1
898818,Whole Data Set,1,30.911133,29.01,14.49,-2.11,188.075,1326,1.309,0.315,0.297,0.388,16.62465538,7/4/18 15:13,na,,3_1_4_3,potentilla diversifolia,15.21833333,harrisonjg,01:12:37:24,0,0,
898817,Whole Data Set,1,32.710938,29.389999,35.3,-1.679999,148.008,1579,0.556,0.208,0.509,0.283,0.54745963,7/4/18 15:19,na,,3_1_4_4,potentilla diversifolia,15.32666667,harrisonjg,01:12:37:24,0,0,2
898816,Whole Data Set,1,37.913086,29.73,14.97,-0.18,203.547,1727,1.94,0.262,0.251,0.487,18.0267822,7/4/18 15:26,na,,3_1_4_5,potentilla diversifolia,15.43777778,harrisonjg,01:12:37:24,0,0,
898815,Whole Data Set,1,26.964844,31.280001,2.72,-3.990001,229.226,1664,1.921,0.306,0.238,0.456,50.89405278,7/4/18 15:31,na,,3_1_4_6,potentilla diversifolia,15.52555556,harrisonjg,01:12:37:24,0,0,2
898814,Whole Data Set,1,25.869141,30.629999,16.76,-0.879999,235.992,1834,2.187,0.286,0.224,0.49,2.666404096,7/4/18 15:40,na,,3_1_4_7,potentilla diversifolia,15.67305556,harrisonjg,01:12:37:24,0,0,2
898813,Whole Data Set,1,27.09668,28.629999,33.3,-0.919999,190.204,1803,1.899,0.234,0.264,0.501,27.3532887,7/4/18 15:45,na,,3_1_4_8,potentilla diversifolia,15.75111111,harrisonjg,01:12:37:24,0,0,
898812,Whole Data Set,1,31.944336,29.360001,22.39,-1.510001,154.526,1969,0.685,0.174,0.49,0.336,23.0641985,7/4/18 15:49,na,,3_1_4_9,potentilla diversifolia,15.82027778,harrisonjg,01:12:37:24,0,0,
898811,Whole Data Set,1,40.777344,28.34,7.52,-0.63,157.635,1743,1.188,0.201,0.365,0.434,22.63883419,7/4/18 15:55,na,,3_1_4_10,potentilla diversifolia,15.93027778,harrisonjg,01:12:37:24,0,0,
898810,Whole Data Set,1,28.40918,26.6,11.16,-0.79,169.384,1339,1.973,0.281,0.242,0.477,20.89405278,7/4/18 16:01,na,,3_1_5_1,potentilla diversifolia,16.02916667,harrisonjg,01:12:37:24,0,0,
898809,Whole Data Set,1,23.774414,26.41,20.77,-0.64,177.093,1716,0.625,0.229,0.474,0.296,-0.425364317,7/4/18 16:12,na,,3_1_5_2,bistorta bistortoides,16.20083333,harrisonjg,01:12:37:24,0,0,2
898808,Whole Data Set,1,28.587891,27.690001,32.37,-1.220001,21.059,77,0.286,0.608,0.305,0.087,2.048050414,7/4/18 16:22,na,,3_1_5_3,bistorta bistortoides,16.38055556,harrisonjg,01:12:37:24,0,0,2
898807,Whole Data Set,1,23.810547,27.93,17.24,-2.37,173.246,1894,0.9,0.203,0.419,0.377,14.13154785,7/4/18 16:26,na,,3_1_5_4,bistorta bistortoides,16.44861111,harrisonjg,01:12:37:24,0,0,
898806,Whole Data Set,1,26.716797,30.469999,21.15,-1.939999,217.03,1886,1.493,0.256,0.299,0.446,40.5789681,7/4/18 16:34,na,,3_1_5_5,bistorta bistortoides,16.56777778,harrisonjg,01:12:37:24,0,0,
898805,Whole Data Set,1,34.40918,31.610001,16.11,-1.100001,181.489,1813,0.861,0.222,0.418,0.36,2.142575817,7/4/18 16:39,na,,3_1_5_6,bistorta bistortoides,16.66361111,harrisonjg,01:12:37:24,0,0,
898804,Whole Data Set,1,26.173828,29.549999,16.64,0.420001,52.362,220,0.767,0.529,0.267,0.204,23.98188263,7/4/18 16:46,na,,3_1_5_7,bistorta bistortoides,16.77138889,harrisonjg,01:12:37:24,0,0,1
898803,Whole Data Set,1,29.241211,25.309999,29.93,-2.539999,226.927,1986,0.719,0.254,0.434,0.312,1.61480898,7/4/18 16:52,na,,3_1_5_8,bistorta bistortoides,16.88194444,harrisonjg,01:12:37:24,0,0,3
898802,Whole Data Set,1,30.567383,28.68,36.93,-2.98,240.05,1953,1.042,0.273,0.356,0.371,66.92398582,7/4/18 16:59,na,,3_1_5_9,bistorta bistortoides,16.98888889,harrisonjg,01:12:37:24,0,0,
898801,Whole Data Set,1,30.928711,29.75,12.3,-1.72,209.642,1376,1.67,0.339,0.248,0.414,1.492713667,7/4/18 17:03,na,,3_1_5_10,bistorta bistortoides,17.06277778,harrisonjg,01:12:37:24,0,0,2
898800,Whole Data Set,1,31.033203,27.879999,31.91,0.330001,94.913,419,1.714,0.503,0.183,0.314,41.18156755,7/4/18 17:08,na,,3_1_6_1,ribes montigenum,17.14055556,harrisonjg,01:12:37:24,0,0,
898799,Whole Data Set,1,28.597656,34.380001,10.84,-2.350001,137.938,1784,0.786,0.172,0.464,0.365,10.35053171,7/5/18 12:26,na,,3_2_1_1,pinus contorta,12.44944444,harrisonjg,01:12:37:24,0,0,
898798,Whole Data Set,1,25.508789,30.959999,5.08,0.190001,13.845,55,0.427,0.559,0.309,0.132,11.13036629,7/5/18 12:36,na,,3_2_1_2,pinus contorta,12.60388889,harrisonjg,01:12:37:24,0,0,1
898797,Whole Data Set,1,26.922852,27.76,7.92,0.49,14.207,53,0.078,0.596,0.375,0.029,5.36431666,7/5/18 12:42,na,,3_2_1_3,pinus contorta,12.70861111,harrisonjg,01:12:37:24,0,0,
898796,Whole Data Set,1,29.499023,27.07,30.71,-1.02,83.968,406,0.344,0.46,0.402,0.138,4.356045687,7/5/18 12:52,na,,3_2_1_4,pinus contorta,12.87694444,harrisonjg,01:12:37:24,0,0,1
898795,Whole Data Set,1,29.331055,26.530001,4,-1.340001,72.367,457,0.277,0.352,0.508,0.141,4.938952343,7/5/18 13:02,na,,3_2_1_5,pinus contorta,13.04027778,harrisonjg,01:12:37:24,0,0,
898794,Whole Data Set,1,31.756836,26.24,15.32,-1.57,17.526,72,0.306,0.541,0.351,0.108,12.05986609,7/5/18 13:13,na,,3_2_1_6,pinus contorta,13.23194444,harrisonjg,01:12:37:24,0,0,1
898793,Whole Data Set,1,29.166992,27.57,0.45,-2.34,174.343,1586,0.21,0.244,0.625,0.131,23.78495471,7/5/18 13:24,na,,3_2_1_7,pinus contorta,13.41416667,harrisonjg,01:12:37:24,0,0,
898792,Whole Data Set,1,27.938477,28.98,79.77,-1.13,4.758,17,0.36,0.622,0.278,0.1,5.348562426,7/5/18 13:32,na,,3_2_1_8,pinus contorta,13.54027778,harrisonjg,01:12:37:24,0,0,1
898791,Whole Data Set,1,28.831055,26.290001,62.32,-0.760001,8.239,28,0.156,0.654,0.299,0.047,15.97085467,7/5/18 13:45,na,,3_2_1_9,pinus contorta,13.75972222,harrisonjg,01:12:37:24,0,0,1
898790,Whole Data Set,1,30.029297,25.440001,111.22,-0.870001,6.842,25,0.258,0.608,0.311,0.08,2.284363923,7/5/18 13:50,na,,3_2_1_10,pinus contorta,13.84611111,harrisonjg,01:12:37:24,0,0,1
898789,Whole Data Set,1,36.751953,25.82,13.56,0.02,35.935,129,0.408,0.619,0.271,0.11,45.06892477,7/5/18 14:24,na,,3_2_2_1,populus tremulloides,14.40944444,harrisonjg,01:12:37:24,0,0,
898788,Whole Data Set,1,29.863281,27.4,64.27,-2.41,53.399,218,0.5,0.544,0.304,0.152,43.70224498,7/5/18 14:31,na,,3_2_2_2,populus tremulloides,14.51916667,harrisonjg,01:12:37:24,0,0,
898787,Whole Data Set,1,34.43457,28.59,41.15,-2.02,123.507,616,1.182,0.446,0.254,0.3,41.10279638,7/5/18 14:39,na,,3_2_2_3,populus tremulloides,14.66083333,harrisonjg,01:12:37:24,0,0,1
898786,Whole Data Set,1,29.688477,28.110001,78.21,-1.960001,15.845,56,0.229,0.629,0.302,0.069,46.77825916,7/5/18 14:50,na,,3_2_2_4,populus tremulloides,14.84916667,harrisonjg,01:12:37:24,0,0,
898785,Whole Data Set,1,23.483398,26.969999,20.29,-0.579999,17.443,60,0.41,0.646,0.251,0.103,38.49547066,7/5/18 14:56,na,,3_2_2_5,populus tremulloides,14.94416667,harrisonjg,01:12:37:24,0,0,
898784,Whole Data Set,1,28.520508,25.92,47.43,-1.17,31.442,119,0.451,0.587,0.285,0.128,48.28672706,7/5/18 15:00,na,,3_2_2_6,populus tremulloides,15.01388889,harrisonjg,01:12:37:24,0,0,
898783,Whole Data Set,1,32.960938,25.83,38.66,-1.46,10.639,36,0.261,0.657,0.272,0.071,45.87632926,7/5/18 15:08,na,,3_2_2_7,populus tremulloides,15.145,harrisonjg,01:12:37:24,0,0,1
898782,Whole Data Set,1,31.639648,26.290001,11.04,-1.070001,35.928,131,0.346,0.609,0.29,0.1,46.61677826,7/5/18 15:20,na,,3_2_2_8,populus tremulloides,15.34944444,harrisonjg,01:12:37:24,0,0,
898781,Whole Data Set,1,40.001953,25.83,40.06,-1.74,32.994,123,0.457,0.596,0.277,0.127,40.15360378,7/5/18 15:29,na,,3_2_2_9,populus tremulloides,15.48888889,harrisonjg,01:12:37:24,0,0,
898780,Whole Data Set,1,41.191406,25.879999,39.17,-1.309999,30.289,113,0.333,0.596,0.303,0.101,46.80582907,7/5/18 15:37,na,,3_2_2_10,populus tremulloides,15.62638889,harrisonjg,01:12:37:24,0,0,
898779,Whole Data Set,1,45.099609,19.65,9.02,-2.02,23.773,103,0.581,0.513,0.308,0.179,8.940527767,7/6/18 9:28,na,,3_2_3_1,poa pratensis,9.48,harrisonjg,01:12:37:24,0,0,1
898778,Whole Data Set,1,45.866211,19.959999,11.29,-1.369999,18.955,66,0.432,0.638,0.253,0.109,1.083103584,7/6/18 9:33,na,,3_2_3_2,poa pratensis,9.560833333,harrisonjg,01:12:37:24,0,0,2
898777,Whole Data Set,1,48.301758,20.49,19.19,-0.55,39.365,242,0.479,0.361,0.432,0.207,6.912170146,7/6/18 9:40,na,,3_2_3_3,poa pratensis,9.668055556,harrisonjg,01:12:37:24,0,0,1
898776,Whole Data Set,1,44.652344,21.01,13.69,-1.32,22.357,85,0.441,0.584,0.288,0.127,10.81134305,7/6/18 9:45,na,,3_2_3_4,poa pratensis,9.761111111,harrisonjg,01:12:37:24,0,0,1
898775,Whole Data Set,1,43.606445,21.41,4.9,-0.37,28.086,102,0.544,0.612,0.251,0.137,21.85899961,7/6/18 9:51,na,,3_2_3_5,poa pratensis,9.855277778,harrisonjg,01:12:37:24,0,0,
898774,Whole Data Set,1,47.267578,21.549999,15.87,-0.349999,42.705,207,0.754,0.458,0.309,0.233,4.848365498,7/6/18 9:57,na,,3_2_3_6,poa pratensis,9.955555556,harrisonjg,01:12:37:24,0,0,
898773,Whole Data Set,1,44.792969,22.09,14.13,-1.34,27.382,190,0.488,0.32,0.457,0.223,2.918471839,7/6/18 10:05,na,,3_2_3_7,poa pratensis,10.09916667,harrisonjg,01:12:37:24,0,0,
898772,Whole Data Set,1,44.863281,22.469999,12.75,-1.259999,30.151,126,0.483,0.532,0.316,0.152,9.960614415,7/6/18 10:10,na,,3_2_3_8,poa pratensis,10.17861111,harrisonjg,01:12:37:24,0,0,
898771,Whole Data Set,1,44.208984,22.559999,20.36,-1.089999,29.68,108,0.728,0.611,0.225,0.164,5.246159905,7/6/18 10:15,na,,3_2_3_9,poa pratensis,10.26472222,harrisonjg,01:12:37:24,0,0,1
898770,Whole Data Set,1,43.462891,22.389999,10.79,-0.959999,30.028,123,0.504,0.543,0.304,0.153,11.79598267,7/6/18 10:20,na,,3_2_3_10,poa pratensis,10.34944444,harrisonjg,01:12:37:24,0,0,
898769,Whole Data Set,1,44.299805,22.49,23.86,-0.88,28.47,106,0.461,0.597,0.276,0.127,25.32099252,7/6/18 10:33,na,,3_2_4_1,osmorhiza berteroi,10.555,harrisonjg,01:12:37:24,0,0,
898768,Whole Data Set,1,47.743164,22.25,34.72,-0.64,18.934,75,0.553,0.561,0.283,0.156,24.27333596,7/6/18 10:37,na,,3_2_4_2,osmorhiza berteroi,10.61722222,harrisonjg,01:12:37:24,0,0,
898767,Whole Data Set,1,47.447266,21.809999,20.55,-0.899999,23.827,94,0.666,0.563,0.262,0.175,24.95076802,7/6/18 10:42,na,,3_2_4_3,osmorhiza berteroi,10.70555556,harrisonjg,01:12:37:24,0,0,
898766,Whole Data Set,1,45.630859,22.110001,19.7,-0.450001,53.273,265,0.816,0.447,0.305,0.249,21.31547853,7/6/18 10:47,na,,3_2_4_5,osmorhiza berteroi,10.79277778,harrisonjg,01:12:37:24,0,0,
898765,Whole Data Set,1,45.466797,22.629999,24.73,-1.159999,36.272,164,0.821,0.491,0.279,0.229,8.042536432,7/6/18 10:55,na,,3_2_4_5,osmorhiza berteroi,10.92388889,harrisonjg,01:12:37:24,0,0,1
898764,Whole Data Set,1,46.685547,22.950001,16.25,-1.100001,26.7,105,0.754,0.565,0.248,0.187,27.912564,7/6/18 10:59,na,,3_2_4_6,osmorhiza berteroi,10.99222222,harrisonjg,01:12:37:24,0,0,
898763,Whole Data Set,1,46.926758,22.85,14.87,-1.28,36.399,132,0.528,0.613,0.253,0.134,31.13430484,7/6/18 11:02,na,,3_2_4_7,osmorhiza berteroi,11.04972222,harrisonjg,01:12:37:24,0,0,
898762,Whole Data Set,1,51.291992,22.540001,25.05,-1.110001,55.64,295,1.01,0.419,0.289,0.292,23.1784167,7/6/18 11:06,na,,3_2_4_8,osmorhiza berteroi,11.11111111,harrisonjg,01:12:37:24,0,0,1
898761,Whole Data Set,1,49.567383,23.92,13.93,-1.63,64.98,493,2.057,0.293,0.231,0.476,22.81606932,7/6/18 11:13,na,,3_2_4_9,osmorhiza berteroi,11.23,harrisonjg,01:12:37:24,0,0,1
898760,Whole Data Set,1,47.87207,25,12.41,-1.81,55.452,249,0.628,0.495,0.31,0.195,33.26900354,7/6/18 11:17,na,,3_2_4_10,osmorhiza berteroi,11.29194444,harrisonjg,01:12:37:24,0,0,
898759,Whole Data Set,1,42.819336,26.959999,19.08,-2.209999,114.318,1606,0.309,0.158,0.643,0.199,-0.366285939,7/6/18 11:30,na,,3_2_5_1,artemisia tridentata,11.51416667,harrisonjg,01:12:37:24,0,0,3
898758,Whole Data Set,1,42.135742,29.43,9.81,-1.58,117.921,1619,0.268,0.162,0.661,0.177,8.369436786,7/6/18 11:35,na,,3_2_5_2,artemisia tridentata,11.59444444,harrisonjg,01:12:37:24,0,0,
898757,Whole Data Set,1,41.329102,30.41,49.13,-2.06,144.102,1500,0.28,0.213,0.615,0.172,0.842851516,7/6/18 11:38,na,,3_2_5_3,artemisia tridentata,11.64388889,harrisonjg,01:12:37:24,0,0,1
898756,Whole Data Set,1,35.330078,29.15,66.95,1.82,18.998,64,0.134,0.66,0.3,0.04,20.07089405,7/6/18 11:44,na,,3_2_5_4,artemisia tridentata,11.74166667,harrisonjg,01:12:37:24,0,0,
898755,Whole Data Set,1,36.816406,27.030001,16.64,1.459999,18.683,63,0.175,0.659,0.29,0.051,3.635289484,7/6/18 11:49,na,,3_2_5_5,artemisia tridentata,11.81805556,harrisonjg,01:12:37:24,0,0,1
898754,Whole Data Set,1,38.6875,26.629999,20.73,0.660001,13.915,48,0.342,0.644,0.265,0.091,3.651043718,7/6/18 11:52,na,,3_2_5_6,artemisia tridentata,11.88138889,harrisonjg,01:12:37:24,0,0,1
898753,Whole Data Set,1,37.321289,25.67,47.46,-0.34,9.167,30,0.184,0.679,0.271,0.05,2.217408429,7/6/18 11:58,na,,3_2_5_7,artemisia tridentata,11.97277778,harrisonjg,01:12:37:24,0,0,1
898752,Whole Data Set,1,37.030273,25.6,25.14,-0.99,9.223,31,0.308,0.661,0.259,0.08,24.7341473,7/6/18 12:02,na,,3_2_5_8,artemisia tridentata,12.04638889,harrisonjg,01:12:37:24,0,0,1
898751,Whole Data Set,1,37.638672,25.120001,39.97,-0.650001,23.244,76,0.128,0.68,0.284,0.036,9.212288302,7/6/18 12:07,na,,3_2_5_9,artemisia tridentata,12.12166667,harrisonjg,01:12:37:24,0,0,
898750,Whole Data Set,1,36.310547,28.4,17.24,-1.47,62.665,216,0.275,0.645,0.279,0.077,5.439149271,7/6/18 12:48,na,,3_2_6_1,lupinus argenteus,12.8125,harrisonjg,01:12:37:24,0,0,1
898749,Whole Data Set,1,37.560547,31.360001,10.96,-3.690001,193.039,1870,1.601,0.229,0.296,0.474,28.47971642,7/6/18 12:54,na,,3_2_6_2,lupinus argenteus,12.91083333,harrisonjg,01:12:37:24,0,0,
898748,Whole Data Set,1,31.573242,35.419998,9.24,-3.749998,180.976,1882,0.54,0.214,0.511,0.276,13.66285939,7/6/18 13:00,na,,3_2_6_3,lupinus argenteus,13.00666667,harrisonjg,01:12:37:24,0,0,
898747,Whole Data Set,1,27.245117,35.23,12.86,-1.56,261.588,1741,1.482,0.334,0.268,0.398,1.890508074,7/6/18 13:04,na,,3_2_6_4,lupinus argenteus,13.08111111,harrisonjg,01:12:37:24,0,0,2
898746,Whole Data Set,1,27.503906,34.68,9.77,1.68,50.615,166,0.422,0.678,0.227,0.096,4.903505317,7/6/18 13:09,na,,3_2_6_5,lupinus argenteus,13.15388889,harrisonjg,01:12:37:24,0,0,1
898745,Whole Data Set,1,25.424805,32.849998,7.73,-0.699998,209.483,1750,0.628,0.266,0.451,0.283,10.5317054,7/6/18 13:14,na,,3_2_6_6,lupinus argenteus,13.23638889,harrisonjg,01:12:37:24,0,0,
898744,Whole Data Set,1,29.621094,34.959999,11.8,-1.209999,174.423,823,0.696,0.471,0.312,0.217,3.875541552,7/6/18 13:20,na,,3_2_6_7,lupinus argenteus,13.34138889,harrisonjg,01:12:37:24,0,0,1
898743,Whole Data Set,1,26.015625,32.419998,21.91,0.510002,17.251,55,0.06,0.697,0.286,0.017,54.98621505,7/6/18 13:25,na,,3_2_6_8,lupinus argenteus,13.43277778,harrisonjg,01:12:37:24,0,0,
898742,Whole Data Set,1,33.523438,30.49,15.15,2.01,18.816,60,0.069,0.697,0.283,0.02,29.52737298,7/6/18 13:30,na,,3_2_6_9,lupinus argenteus,13.51277778,harrisonjg,01:12:37:24,0,0,
898741,Whole Data Set,1,28.509766,31.200001,23.26,-2.190001,89.032,1668,0.133,0.119,0.778,0.103,2.386766443,7/6/18 13:40,na,,3_2_6_10,lupinus argenteus,13.66944444,harrisonjg,01:12:37:24,0,0,1
898740,Whole Data Set,1,27.942383,30.48,13.15,-0.83,44.101,173,0.439,0.566,0.301,0.132,27.88499409,7/6/18 13:55,na,,3_2_7_1,arnica cordifolia,13.91888889,harrisonjg,01:12:37:24,0,0,
898739,Whole Data Set,1,30.617188,29.58,9.19,-1.87,40.003,138,0.5,0.644,0.237,0.119,38.69633714,7/6/18 13:59,na,,3_2_7_2,arnica cordifolia,13.985,harrisonjg,01:12:37:24,0,0,
898738,Whole Data Set,1,26.814453,30.23,13.31,-3.44,75.115,325,0.98,0.514,0.246,0.241,35.16738874,7/6/18 14:05,na,,3_2_7_3,arnica cordifolia,14.08861111,harrisonjg,01:12:37:24,0,0,
898737,Whole Data Set,1,30.28418,32.919998,9.54,-3.369998,126.833,776,3.91,0.363,0.13,0.507,51.18944466,7/6/18 14:09,na,,3_2_7_4,arnica cordifolia,14.16305556,harrisonjg,01:12:37:24,0,0,1
898736,Whole Data Set,1,33.93457,36.669998,7.33,-4.519998,79.104,293,0.805,0.6,0.222,0.178,38.68058291,7/6/18 14:13,na,,3_2_7_5,arnica cordifolia,14.22583333,harrisonjg,01:12:37:24,0,0,
898735,Whole Data Set,1,26.388672,33.459999,15.91,-1.679999,14.718,46,0.247,0.711,0.232,0.057,37.7038204,7/6/18 14:18,na,,3_2_7_6,arnica cordifolia,14.30861111,harrisonjg,01:12:37:24,0,0,1
898734,Whole Data Set,1,30.398438,32.290001,6.18,-2.820001,16.604,57,0.543,0.647,0.229,0.124,41.91413942,7/6/18 14:24,na,,3_2_7_7,arnica cordifolia,14.40944444,harrisonjg,01:12:37:24,0,0,
898733,Whole Data Set,1,29.912109,32.529999,8.05,-2.519999,8.683,29,0.334,0.665,0.251,0.084,38.58211894,7/6/18 14:30,na,,3_2_7_8,arnica cordifolia,14.50805556,harrisonjg,01:12:37:24,0,0,1
898732,Whole Data Set,1,24.74707,30.690001,18.65,-1.260001,28.049,98,0.343,0.636,0.271,0.093,33.25718787,7/6/18 14:35,na,,3_2_7_9,arnica cordifolia,14.59833333,harrisonjg,01:12:37:24,0,0,
898731,Whole Data Set,1,32.693359,30.98,14.15,-0.3,18.612,69,0.478,0.599,0.271,0.129,31.13430484,7/6/18 14:41,na,,3_2_7_10,arnica cordifolia,14.69333333,harrisonjg,01:12:37:24,0,0,
898730,Whole Data Set,1,37.026367,25.41,13.36,-0.84,126.744,649,1.673,0.434,0.212,0.354,17.52264671,7/7/18 12:47,na,,3_1_6_2,ribes montigenum,12.79083333,harrisonjg,01:12:37:24,0,0,
898729,Whole Data Set,1,43.100586,24.17,20.46,0.16,33.72,120,0.585,0.624,0.237,0.139,38.72784561,7/7/18 12:53,na,,3_1_6_3,ribes montigenum,12.88972222,harrisonjg,01:12:37:24,0,0,
898728,Whole Data Set,1,37.729492,24.9,18.66,-1.09,126.219,811,2.07,0.346,0.213,0.441,33.56439543,7/7/18 12:58,na,,3_1_6_4,ribes montigenum,12.97638889,harrisonjg,01:12:37:24,0,0,1
898727,Whole Data Set,1,43.65332,24.799999,46.19,0.620001,97.141,440,1.604,0.491,0.196,0.314,41.2997243,7/7/18 13:02,na,,3_1_6_5,ribes montigenum,13.04444444,harrisonjg,01:12:37:24,0,0,1
898726,Whole Data Set,1,37.021484,24.83,32.62,0.4,48.449,175,0.549,0.615,0.248,0.136,25.80543521,7/7/18 13:08,na,,3_1_6_6,ribes montigenum,13.14444444,harrisonjg,01:12:37:24,0,0,
898725,Whole Data Set,1,41.647461,27.73,57.88,-1.54,208.125,1606,3.381,0.288,0.163,0.549,26.75462781,7/7/18 13:13,na,,3_1_6_7,ribes montigenum,13.21861111,harrisonjg,01:12:37:24,0,0,1
898724,Whole Data Set,1,33.068359,25.209999,29.82,1.320001,17.372,57,0.611,0.677,0.2,0.122,4.840488381,7/7/18 13:18,na,,3_1_6_8,ribes montigenum,13.31055556,harrisonjg,01:12:37:24,0,0,
898723,Whole Data Set,1,40.165039,25.549999,30.75,0.110001,102.087,1230,1.055,0.184,0.397,0.419,3.733753446,7/7/18 13:23,na,,3_1_6_9,ribes montigenum,13.38944444,harrisonjg,01:12:37:24,0,0,
898722,Whole Data Set,1,40.336914,26.99,41.24,-0.88,165.491,1051,1.418,0.35,0.269,0.381,29.25167389,7/7/18 13:27,na,,3_1_6_10,ribes montigenum,13.46583333,harrisonjg,01:12:37:24,0,0,
898721,Whole Data Set,1,38.043945,27.74,8.43,-1.32,268.041,1995,4.299,0.299,0.132,0.569,-1.748719968,7/7/18 13:39,na,,3_1_7_1,astragalus tinyassicus,13.66194444,harrisonjg,01:12:37:24,0,0,2
898720,Whole Data Set,1,38.378906,28.040001,25.91,-0.290001,34.799,1967,6.67,0.039,0.125,0.835,-1.709334384,7/7/18 13:43,na,,3_1_7_2,astragalus tinyassicus,13.73194444,harrisonjg,01:12:37:24,0,0,2
898719,Whole Data Set,1,34.654297,27.27,13.21,0.62,48.749,293,2.803,0.37,0.166,0.465,-1.567546278,7/7/18 13:48,na,,3_1_7_3,astragalus tinyassicus,13.8075,harrisonjg,01:12:37:24,0,0,3
898718,Whole Data Set,1,30.989258,28.870001,12.93,-1.020001,521.596,1875,0,0.618,1.173,0,-1.559669161,7/7/18 13:52,na,,3_1_7_4,astragalus tinyassicus,13.86833333,harrisonjg,01:12:37:24,0,0,4
898717,Whole Data Set,1,31.290039,29.030001,7.37,1.689999,582.615,1972,0,0.657,-0.688,0,-1.496652225,7/7/18 13:55,na,,3_1_7_5,astragalus tinyassicus,13.92777778,harrisonjg,01:12:37:24,0,0,4
898716,Whole Data Set,1,29.354492,27.9,8.95,0.49,502.84,1795,0,0.623,0.762,0,-1.630563214,7/7/18 13:59,na,,3_1_7_6,astragalus tinyassicus,13.99388889,harrisonjg,01:12:37:24,0,0,4
898715,Whole Data Set,1,24.833984,27.610001,20.58,-1.00E-06,515.556,2157,0,0.531,-4.786,0,-1.634501772,7/7/18 14:05,na,,3_1_7_7,astragalus tinyassicus,14.09972222,harrisonjg,01:12:37:24,0,0,5
898714,Whole Data Set,1,28.056641,27.67,19.06,0.5,607.83,1573,0,-1,-0.123,0,-1.559669161,7/7/18 14:12,na,,3_1_7_8,astragalus tinyassicus,14.20194444,harrisonjg,01:12:37:24,0,0,4
898713,Whole Data Set,1,25.416016,29.5,10.07,-0.83,684.039,2050,0,0.742,-0.152,0,-1.587239071,7/7/18 14:16,na,,3_1_7_9,astragalus tinyassicus,14.27083333,harrisonjg,01:12:37:24,0,0,3
898712,Whole Data Set,1,26.168945,29.66,26.4,-0.29,1229.886,1933,0,-1,0.148,0,-1.504529342,7/7/18 14:20,na,,3_1_7_10,astragalus tinyassicus,14.33527778,harrisonjg,01:12:37:24,0,0,4
879146,Whole Data Set,1,61.738281,15.91,12.27,-1.98,10.617,43,0.032,0.549,0.437,0.014,46.06931863,6/23/18 8:45,na,,1_2_1_1,wyethia amplexicaulis,8.753888889,harrisonjg,01:12:37:24,0,0,1
879145,Whole Data Set,1,59.990234,18.290001,14.44,-1.820001,11.987,50,0.09,0.533,0.429,0.039,32.42615203,6/23/18 9:00,na,,1_2_1_2,wyethia amplexicaulis,9.006666667,harrisonjg,01:12:37:24,0,0,
879144,Whole Data Set,1,50.615234,22.690001,56.94,-1.360001,17.172,73,0.21,0.523,0.394,0.083,42.33950374,6/23/18 9:12,na,,1_2_1_5,wyethia amplexicaulis,9.206666667,harrisonjg,01:12:37:24,0,0,
879143,Whole Data Set,1,52.400391,21.34,30.34,-0.4,22.77,98,0.05,0.516,0.461,0.023,39.75580937,6/23/18 9:17,na,,1_2_1_3,wyethia amplexicaulis,9.297222222,harrisonjg,01:12:37:24,0,0,
879142,Whole Data Set,1,53.897461,22.08,56.25,-1.07,7.455,29,0.02,0.571,0.42,0.008,39.49586451,6/23/18 9:22,na,,1_2_1_4,wyethia amplexicaulis,9.383055556,harrisonjg,01:12:37:24,0,0,1
879141,Whole Data Set,1,53.167969,22.879999,3.3,-1.449999,124.959,1245,1.368,0.223,0.328,0.449,32.24103978,6/23/18 9:24,na,,1_2_1_6,wyethia amplexicaulis,9.41,harrisonjg,01:12:37:24,0,0,1
879140,Whole Data Set,1,47.367188,24.049999,47.35,-2.619999,20.137,81,0.043,0.552,0.429,0.019,44.94682946,6/23/18 9:30,na,,1_2_1_7,wyethia amplexicaulis,9.505277778,harrisonjg,01:12:37:24,0,0,
879139,Whole Data Set,1,43.798828,24.49,74.28,-1.78,12.35,51,0.137,0.538,0.406,0.055,36.53406853,6/23/18 9:35,na,,1_2_1_8,wyethia amplexicaulis,9.586111111,harrisonjg,01:12:37:24,0,0,
879138,Whole Data Set,1,46.595703,25.549999,78.22,-2.979999,72.379,793,0.201,0.203,0.664,0.133,33.56439543,6/23/18 9:42,na,,1_2_1_10,wyethia amplexicaulis,9.700555556,harrisonjg,01:12:37:24,0,0,
879137,Whole Data Set,1,42.339844,25.84,28.24,-2.41,13.328,53,0.172,0.559,0.376,0.065,38.90508074,6/23/18 9:45,na,,1_2_1_10,wyethia amplexicaulis,9.760555556,harrisonjg,01:12:37:24,0,0,
879136,Whole Data Set,1,49.649414,17.940001,12.68,-0.610001,12.988,58,0.431,0.498,0.351,0.151,10.06301694,6/23/18 10:09,na,,1_2_2_1,poa pratensis,10.1575,harrisonjg,01:12:37:24,0,0,
879135,Whole Data Set,1,48.209961,19.049999,21.38,-1.559999,15.153,74,0.711,0.455,0.319,0.226,0.799527373,6/23/18 10:11,na,,1_2_2_2,poa pratensis,10.19972222,harrisonjg,01:12:37:24,0,0,3
879134,Whole Data Set,1,51.646484,21.469999,50.26,-1.939999,25.892,130,0.843,0.443,0.302,0.255,0.200866483,6/23/18 10:20,na,,1_2_2_3,poa pratensis,10.33888889,harrisonjg,01:12:37:24,0,0,2
879133,Whole Data Set,1,47.817383,23.969999,12.91,-2.109999,46.513,517,2.05,0.2,0.262,0.538,1.169751871,6/23/18 10:25,na,,1_2_2_4,poa pratensis,10.42416667,harrisonjg,01:12:37:24,0,0,3
879132,Whole Data Set,1,43.881836,25.690001,33.44,-1.880001,15.141,56,0.387,0.601,0.288,0.111,7.341473021,6/23/18 10:31,na,,1_2_2_5,poa pratensis,10.52805556,harrisonjg,01:12:37:24,0,0,1
879131,Whole Data Set,1,40.818359,24.780001,15.88,-1.010001,28.001,134,1.462,0.464,0.218,0.318,0.783773139,6/23/18 10:40,na,,1_2_2_6,poa pratensis,10.67361111,harrisonjg,01:12:37:24,0,0,3
879130,Whole Data Set,1,39.743164,24.639999,21.14,-0.269999,17.206,74,0.613,0.517,0.3,0.184,6.167782592,6/23/18 10:45,na,,1_2_2_7,poa pratensis,10.76361111,harrisonjg,01:12:37:24,0,0,1
879129,Whole Data Set,1,40.321289,23.65,29.07,-1.12,19.969,81,0.411,0.548,0.321,0.132,-0.799527373,6/23/18 10:52,na,,1_2_2_8,poa pratensis,10.88111111,harrisonjg,01:12:37:24,0,0,3
879128,Whole Data Set,1,38.021484,22.799999,34.9,-0.569999,22.062,78,0.458,0.629,0.255,0.117,0.563213864,6/23/18 11:00,na,,1_2_2_9,poa pratensis,11.00722222,harrisonjg,01:12:37:24,0,0,2
879127,Whole Data Set,1,39.166992,22.440001,24.63,-0.350001,22.25,149,0.792,0.332,0.373,0.295,0.795588814,6/23/18 11:04,na,,1_2_2_9,poa pratensis,11.08222222,harrisonjg,01:12:37:24,0,0,2
879126,Whole Data Set,1,39.456055,21.4,37.81,-1.65,11.633,58,0.697,0.446,0.327,0.228,22.64277275,6/23/18 11:11,na,,1_2_2_10,poa pratensis,11.18555556,harrisonjg,01:12:37:24,0,0,1
879125,Whole Data Set,1,47.212891,20.84,26.6,-0.2,72.269,685,0.524,0.234,0.502,0.263,43.4816857,6/23/18 11:26,na,,1_2_3_1,aquligia caerula,11.44333333,harrisonjg,01:12:37:24,0,0,1
879124,Whole Data Set,1,47.833984,21.58,27.13,-0.77,13.117,49,0.513,0.595,0.268,0.137,40.80346593,6/23/18 11:35,na,,1_2_3_2,aquligia caerula,11.58388889,harrisonjg,01:12:37:24,0,0,1
879123,Whole Data Set,1,46.821289,21.870001,54.8,-1.120001,65.823,284,0.33,0.515,0.365,0.12,36.4040961,6/23/18 11:43,na,,1_2_3_3,aquligia caerula,11.71666667,harrisonjg,01:12:37:24,0,0,
879122,Whole Data Set,1,46.350586,21.709999,52.43,-0.009999,2.583,10,0.356,0.574,0.314,0.112,37.82591571,6/23/18 11:52,na,,1_2_3_4,aquligia caerula,11.87055556,harrisonjg,01:12:37:24,0,0,2
879121,Whole Data Set,1,52.354492,21.59,14.86,-0.45,23.125,91,0.387,0.565,0.314,0.121,48.32611264,6/23/18 11:57,na,,1_2_3_5,aquligia caerula,11.96055556,harrisonjg,01:12:37:24,0,0,
879120,Whole Data Set,1,48.425781,21.639999,25.37,-0.529999,72.902,455,0.731,0.356,0.372,0.272,41.2051989,6/23/18 12:06,na,,1_2_3_7,aquligia caerula,12.10083333,harrisonjg,01:12:37:24,0,0,1
879119,Whole Data Set,1,44.320312,23.25,26.87,-1.64,38.742,148,0.459,0.582,0.287,0.132,7.2390705,6/23/18 12:13,na,,1_2_3_7,aquligia caerula,12.23,harrisonjg,01:12:37:24,0,0,1
879118,Whole Data Set,1,48.842773,22.49,26.94,-0.88,16.876,67,0.727,0.56,0.255,0.185,37.83379283,6/23/18 12:18,na,,1_2_3_8,aquligia caerula,12.30305556,harrisonjg,01:12:37:24,0,0,
879117,Whole Data Set,1,51.616211,21.870001,17.86,0.889999,40.903,151,0.36,0.602,0.293,0.105,37.85742418,6/23/18 12:23,na,,1_2_3_9,aquligia caerula,12.38944444,harrisonjg,01:12:37:24,0,0,
879116,Whole Data Set,1,45.633789,22.139999,36.36,-1.329999,12.26,45,0.416,0.605,0.279,0.116,32.30011816,6/23/18 12:29,na,,1_2_3_10,aquligia caerula,12.48888889,harrisonjg,01:12:37:24,0,0,1
879115,Whole Data Set,1,43.314453,24.35,9.5,-0.96,29.878,106,0.197,0.626,0.312,0.061,2.902717605,6/23/18 12:40,na,,1_2_4_1,juniperus communis,12.67638889,harrisonjg,01:12:37:24,0,0,1
879114,Whole Data Set,1,38.244141,24.139999,7.5,-1.429999,58.582,311,0.323,0.419,0.439,0.142,1.543914927,6/23/18 12:51,na,,1_2_4_2,juniperus communis,12.85361111,harrisonjg,01:12:37:24,0,0,2
879113,Whole Data Set,1,40.682617,23.780001,17.22,-0.830001,70.771,402,0.279,0.391,0.476,0.133,6.372587633,6/23/18 12:57,na,,1_2_4_3,juniperus communis,12.96361111,harrisonjg,01:12:37:24,0,0,1
879112,Whole Data Set,1,37.709961,24.16,10.72,-1.05,111.14,551,0.647,0.448,0.335,0.217,4.978337928,6/23/18 13:03,na,,1_2_4_4,juniperus communis,13.05222222,harrisonjg,01:12:37:24,0,0,
879111,Whole Data Set,1,38.238281,27.17,57.65,-1.51,199.612,1269,0.723,0.35,0.378,0.273,1.658133123,6/23/18 13:08,na,,1_2_4_5,juniperus communis,13.135,harrisonjg,01:12:37:24,0,0,2
879110,Whole Data Set,1,29.483398,30.059999,50.99,-1.669999,88.756,382,0.484,0.516,0.326,0.158,7.873178417,6/23/18 13:16,na,,1_2_4_6,juniperus communis,13.27111111,harrisonjg,01:12:37:24,0,0,1
879109,Whole Data Set,1,30.866211,28.99,10.72,-0.24,130.977,1617,0.375,0.18,0.596,0.224,7.120913746,6/23/18 13:22,na,,1_2_4_7,juniperus communis,13.37777778,harrisonjg,01:12:37:24,0,0,
879108,Whole Data Set,1,31.282227,26.530001,24.07,-0.010001,65.81,363,2.865,0.403,0.154,0.443,0.901929894,6/23/18 13:31,na,,1_2_4_8,juniperus communis,13.51694444,harrisonjg,01:12:37:24,0,0,2
879107,Whole Data Set,1,31.442383,27.25,23.58,-1.3,46.066,239,0.812,0.428,0.316,0.256,9.972430091,6/23/18 13:41,na,,1_2_4_9,juniperus communis,13.68333333,harrisonjg,01:12:37:24,0,0,1
879106,Whole Data Set,1,35.370117,26.27,20.7,-1.08,169.561,1922,0.446,0.196,0.556,0.248,12.31820008,6/23/18 13:45,na,,1_2_4_10,juniperus communis,13.75805556,harrisonjg,01:12:37:24,0,0,
879105,Whole Data Set,1,30.068359,28.83,15.03,-2.12,27.138,116,0.058,0.52,0.454,0.026,8.948404884,6/23/18 14:19,na,,1_2_5_1,Abies grandis cf,14.31916667,harrisonjg,01:12:37:24,0,0,1
879104,Whole Data Set,1,22.769531,30.6,27.71,1.72,32.536,122,0.063,0.593,0.383,0.024,0.035447026,6/23/18 14:33,na,,1_2_5_2,Abies grandis cf,14.55222222,harrisonjg,01:12:37:24,0,0,2
879103,Whole Data Set,1,25.396484,26.59,5.39,0.31,27.615,113,0.161,0.543,0.393,0.063,12.13076014,6/23/18 14:43,na,,1_2_5_3,Abies grandis cf,14.72722222,harrisonjg,01:12:37:24,0,0,1
879102,Whole Data Set,1,26.091797,26.209999,25.08,-0.439999,9.185,33,0.189,0.619,0.321,0.061,3.710122095,6/23/18 14:47,na,,1_2_5_4,Abies grandis cf,14.79305556,harrisonjg,01:12:37:24,0,0,1
879101,Whole Data Set,1,25.21875,24.42,11.04,-0.69,23.752,93,0.149,0.568,0.377,0.056,3.832217408,6/23/18 14:55,na,,1_2_5_5,Abies grandis cf,14.92638889,harrisonjg,01:12:37:24,0,0,
879100,Whole Data Set,1,30.041992,25.780001,44.44,-1.350001,25.643,111,0.186,0.513,0.41,0.076,2.674281213,6/23/18 15:04,na,,1_2_5_6,Abies grandis cf,15.08083333,harrisonjg,01:12:37:24,0,0,1
879099,Whole Data Set,1,33.603516,24.870001,49.64,-1.240001,26.322,110,0.37,0.532,0.342,0.126,9.617959827,6/23/18 15:15,na,,1_2_5_7,Abies grandis cf,15.25805556,harrisonjg,01:12:37:24,0,0,1
879098,Whole Data Set,1,30.767578,25.139999,4.82,-0.769999,30.005,133,0.181,0.501,0.422,0.077,2.859393462,6/23/18 15:24,na,,1_2_5_8,Abies grandis cf,15.41611111,harrisonjg,01:12:37:24,0,0,2
879097,Whole Data Set,1,29.200195,25.190001,15.03,-0.070001,10.307,41,0.201,0.559,0.367,0.074,0.476565577,6/23/18 15:27,na,,1_2_5_9,Abies grandis cf,15.46416667,harrisonjg,01:12:37:24,0,0,2
879096,Whole Data Set,1,30.026367,23.58,18.32,-0.87,9.782,37,0.142,0.588,0.361,0.051,5.57306026,6/23/18 15:35,na,,1_2_5_10,Abies grandis cf,15.59,harrisonjg,01:12:37:24,0,0,1
879095,Whole Data Set,1,32.052734,22.690001,8.67,-0.940001,27.45,105,0.299,0.581,0.323,0.096,38.92871209,6/23/18 15:54,na,,1_2_6_1,populus angustifolium,15.91277778,harrisonjg,01:12:37:24,0,0,
879094,Whole Data Set,1,32.994141,21.540001,7.66,-0.830001,10.077,37,0.427,0.605,0.277,0.118,21.94564789,6/23/18 16:02,na,,1_2_6_2,populus angustifolium,16.04222222,harrisonjg,01:12:37:24,0,0,1
879093,Whole Data Set,1,34.387695,20.4,7.56,0.14,5.153,17,0.374,0.674,0.238,0.089,25.4273336,6/23/18 16:08,na,,1_2_6_3,populus angustifolium,16.14805556,harrisonjg,01:12:37:24,0,0,1
879092,Whole Data Set,1,46.269531,22.190001,23.6,-1.800001,145.241,1311,0.208,0.246,0.624,0.13,44.34423001,6/23/18 16:25,na,,1_2_6_4,populus angustifolium,16.42111111,harrisonjg,01:12:37:24,0,0,1
879091,Whole Data Set,1,43.750977,22.549999,12.17,-1.119999,59.527,241,0.417,0.549,0.318,0.133,7.459629776,6/23/18 16:28,na,,1_2_6_5,populus angustifolium,16.48027778,harrisonjg,01:12:37:24,0,0,1
879090,Whole Data Set,1,47.399414,21.780001,2.64,-0.630001,30.499,134,0.897,0.506,0.261,0.234,41.91413942,6/23/18 16:35,na,,1_2_6_6,populus angustifolium,16.58361111,harrisonjg,01:12:37:24,0,0,
879089,Whole Data Set,1,45.658203,20.67,1.9,-0.22,57.537,230,0.207,0.556,0.368,0.076,8.200078771,6/23/18 16:40,na,,1_2_6_7,populus angustifolium,16.66861111,harrisonjg,01:12:37:24,0,0,
879088,Whole Data Set,1,50.87207,19.620001,9.9,-0.530001,14.409,49,0.174,0.653,0.295,0.051,45.46671918,6/23/18 16:45,na,,1_2_6_8,populus angustifolium,16.765,harrisonjg,01:12:37:24,0,0,1
879087,Whole Data Set,1,51.426758,18.719999,8.88,-0.829999,31.565,117,0.301,0.6,0.308,0.093,3.02087436,6/23/18 16:52,na,,1_2_6_9,populus angustifolium,16.87666667,harrisonjg,01:12:37:24,0,0,2
879086,Whole Data Set,1,50.791992,19.59,61.7,-1.24,38.726,146,0.267,0.589,0.324,0.086,27.37298149,6/23/18 16:59,na,,1_2_6_10,populus angustifolium,16.99361111,harrisonjg,01:12:37:24,0,0,
879085,Whole Data Set,1,52.628906,20.34,36.11,-0.46,149.847,1041,1.209,0.32,0.308,0.372,45.14769594,6/23/18 17:08,na,,1_2_7_1,populus tremulloides,17.14083333,harrisonjg,01:12:37:24,0,0,
879084,Whole Data Set,1,52.322266,20.299999,6.23,-0.549999,42.529,166,0.364,0.569,0.316,0.115,48.99960614,6/23/18 17:17,na,,1_2_7_2,populus tremulloides,17.28333333,harrisonjg,01:12:37:24,0,0,
879083,Whole Data Set,1,51.711914,20.91,14.36,-1.16,89.786,406,0.391,0.491,0.366,0.143,48.2355258,6/23/18 17:25,na,,1_2_7_2,populus tremulloides,17.42027778,harrisonjg,01:12:37:24,0,0,
879082,Whole Data Set,1,41.638672,22.43,33.02,-0.37,146.728,1100,0.589,0.296,0.443,0.261,54.50177235,6/23/18 17:38,na,,1_2_7_4,populus tremulloides,17.63583333,harrisonjg,01:12:37:24,0,0,
879081,Whole Data Set,1,48.166992,24.48,30.13,-1.47,21.431,103,2.235,0.462,0.166,0.371,48.17644742,6/23/18 17:44,na,,1_2_7_5,populus tremulloides,17.73555556,harrisonjg,01:12:37:24,0,0,
879080,Whole Data Set,1,47.867188,22,17.87,-0.15,74.246,453,0.187,0.364,0.536,0.1,49.96455297,6/23/18 17:49,na,,1_2_7_6,populus tremulloides,17.82972222,harrisonjg,01:12:37:24,0,0,1
879079,Whole Data Set,1,49.280273,21.43,6.62,0.23,39.615,145,0.258,0.607,0.312,0.081,50.00393856,6/23/18 17:57,na,,1_2_7_7,populus tremulloides,17.95027778,harrisonjg,01:12:37:24,0,0,
879078,Whole Data Set,1,52.391602,21.540001,16.98,-0.300001,26.228,95,0.224,0.614,0.316,0.071,46.69948799,6/23/18 18:05,na,,1_2_7_8,populus tremulloides,18.08694444,harrisonjg,01:12:37:24,0,0,
879077,Whole Data Set,1,50.882812,21.040001,21.85,-0.850001,10.339,33,0.275,0.696,0.238,0.065,51.33517133,6/23/18 18:08,na,,1_2_7_9,populus tremulloides,18.14444444,harrisonjg,01:12:37:24,0,0,1
879076,Whole Data Set,1,49.771484,19.620001,19.95,-0.490001,10.053,34,0.186,0.657,0.289,0.054,48.92083497,6/23/18 18:14,na,,1_2_7_10,populus tremulloides,18.24638889,harrisonjg,01:12:37:24,0,0,1
874410,Whole Data Set,1,33.27832,17.5,36.3,-1.02,31.696,129,0.437,0.546,0.316,0.138,13.57227255,6/18/18 15:18,na,https://photosynqprod.s3.amazonaws.com/uploads/datum_image/image/11017/99ad0cd5-63ab-4cf9-a9b9-933a98ee8533.jpeg,1_1_1_2b,Picea engelmannii,15.30138889,harrisonjg,01:12:37:24,41.33758589,-106.2962388,2
874409,Whole Data Set,1,32.362305,16.49,26.67,-1.6,16.691,64,0.321,0.58,0.318,0.102,-0.953131154,6/18/18 15:20,na,https://photosynqprod.s3.amazonaws.com/uploads/datum_image/image/11016/352e45be-22a3-4ba3-b08f-db1b949c6010.jpeg,1_1_1_2c,Picea engelmannii,15.33416667,harrisonjg,01:12:37:24,41.33752928,-106.2962027,3
874405,Whole Data Set,1,33.544922,16.32,24.68,-0.1,54.23,1116,0.104,0.108,0.808,0.084,-1.595116187,6/18/18 15:41,na,https://photosynqprod.s3.amazonaws.com/uploads/datum_image/image/11015/947cb9ac-e202-4a2d-b732-49f7110720d9.jpeg,1_1_1_3a,Picea engelmannii,15.69305556,harrisonjg,01:12:37:24,41.33776864,-106.2964123,2
874404,Whole Data Set,1,34.772461,16.879999,2.9,-0.559999,100.8,1785,0.431,0.125,0.611,0.263,5.675462781,6/18/18 15:43,na,https://photosynqprod.s3.amazonaws.com/uploads/datum_image/image/11014/e01b6f83-791f-452a-b134-8fcba2e59249.jpeg,1_1_1_3b,Picea engelmannii,15.73,harrisonjg,01:12:37:24,41.33781684,-106.2964451,2
874403,Whole Data Set,1,34.605469,17.5,20.65,-2.19,159.103,1788,2.525,0.198,0.228,0.575,0.291453328,6/18/18 15:46,na,https://photosynqprod.s3.amazonaws.com/uploads/datum_image/image/11013/9ed19f8e-5c64-4de1-b177-a98225cfad2b.jpeg,1_1_1_3b,Picea engelmannii,15.76694444,harrisonjg,01:12:37:24,41.33780465,-106.2964496,2
874402,Whole Data Set,1,31.995117,16.780001,9.27,-1.260001,23.096,248,10.4,0.207,0.07,0.723,-1.831429697,6/18/18 15:58,na,https://photosynqprod.s3.amazonaws.com/uploads/datum_image/image/11012/2537228d-dd96-4a8a-971f-e415cabb37f6.jpeg,1_1_1_4a,Picea engelmannii,15.97444444,harrisonjg,01:12:37:24,41.3377579,-106.2965234,3
874401,Whole Data Set,1,33.680664,15.72,45.02,-1.47,12.694,56,0.473,0.504,0.337,0.159,1.370618354,6/18/18 16:00,na,https://photosynqprod.s3.amazonaws.com/uploads/datum_image/image/11011/629a37f5-7d5e-4631-9be7-be23d50bb71b.jpeg,1_1_1_4b,Picea engelmannii,16.00388889,harrisonjg,01:12:37:24,41.33777105,-106.2964971,3
874400,Whole Data Set,1,33.978516,15.39,65.54,-1.36,44.3,232,0,0.424,1.023,0,-0.984639622,6/18/18 16:02,na,https://photosynqprod.s3.amazonaws.com/uploads/datum_image/image/11010/a2535ff4-ec6a-4299-9a5a-b9e8c1c252bf.jpeg,1_1_1_4c,Picea engelmannii,16.03333333,harrisonjg,01:12:37:24,41.33781931,-106.2965469,3
874399,Whole Data Set,1,31.21875,18.450001,44.29,-1.560001,32.275,171,1.19,0.419,0.265,0.316,1.473020874,6/18/18 16:15,na,https://photosynqprod.s3.amazonaws.com/uploads/datum_image/image/11009/f2830822-5e0e-45a7-b640-2df063dfb2b7.jpeg,1_1_1_5a,Picea engelmannii,16.2625,harrisonjg,01:12:37:24,41.33769282,-106.2966249,3
874398,Whole Data Set,1,31.477539,17.23,68.33,-0.56,27.382,145,1.626,0.42,0.221,0.359,-0.630169358,6/18/18 16:17,na,https://photosynqprod.s3.amazonaws.com/uploads/datum_image/image/11008/163cae59-0c3d-474b-a6fd-8fbb3831df7a.jpeg,1_1_1_5b,Picea engelmannii,16.28722222,harrisonjg,01:12:37:24,41.33768705,-106.2966022,2
874397,Whole Data Set,1,30.444336,16.17,10.08,-1.34,21.903,257,15.904,0.189,0.048,0.763,-1.949586451,6/18/18 16:18,na,https://photosynqprod.s3.amazonaws.com/uploads/datum_image/image/11007/f10f1c54-1c35-4247-88ef-beeb88ea3777.jpeg,1_1_1_5c,Picea engelmannii,16.31027778,harrisonjg,01:12:37:24,41.33769997,-106.2966066,4
874396,Whole Data Set,1,35.014648,15.06,13.45,-0.71,19.611,86,0.571,0.507,0.314,0.179,5.320992517,6/18/18 16:26,na,https://photosynqprod.s3.amazonaws.com/uploads/datum_image/image/11006/8262b7ef-23e2-4d17-9169-fc67cff1d4d0.jpeg,1_1_1_6a,Picea engelmannii,16.44194444,harrisonjg,01:12:37:24,41.3375867,-106.2966549,1
874395,Whole Data Set,1,40.275391,15.04,3.23,-0.42,19.869,98,0.534,0.451,0.358,0.191,6.538007089,6/18/18 16:28,na,https://photosynqprod.s3.amazonaws.com/uploads/datum_image/image/11005/4406ec47-9876-47bb-b00e-2267624dbc66.jpeg,1_1_1_6b,Picea engelmannii,16.47333333,harrisonjg,01:12:37:24,41.33760922,-106.2966632,1
874394,Whole Data Set,1,35.463867,15.04,15.92,-1.33,34.382,179,0.415,0.427,0.405,0.168,5.695155573,6/18/18 16:30,na,https://photosynqprod.s3.amazonaws.com/uploads/datum_image/image/11004/253a72ad-161f-489e-9818-04a444cc6f0f.jpeg,1_1_1_6c,Picea engelmannii,16.5,harrisonjg,01:12:37:24,41.33761309,-106.2966842,1
874393,Whole Data Set,1,36.825195,14.78,3.3,-2.53,53.076,328,0.64,0.36,0.391,0.25,11.05947223,6/18/18 16:37,na,https://photosynqprod.s3.amazonaws.com/uploads/datum_image/image/11003/59cc7b9d-b526-4008-b85e-06be46264c3c.jpeg,1_1_1_7a,Picea engelmannii,16.62888889,harrisonjg,01:12:37:24,41.33758423,-106.2967416,1
874392,Whole Data Set,1,37.675781,14.7,7.84,-1.71,47.991,268,0.583,0.398,0.38,0.222,23.58802678,6/18/18 16:39,na,https://photosynqprod.s3.amazonaws.com/uploads/datum_image/image/11002/9592e4f1-598b-40e4-8b12-2d2a0317c6fe.jpeg,1_1_1_7b,Picea engelmannii,16.65888889,harrisonjg,01:12:37:24,41.33758884,-106.296722,1
874391,Whole Data Set,1,38.135742,14.69,13.36,-1.7,46.52,272,0.365,0.38,0.454,0.166,3.824340291,6/18/18 16:41,na,https://photosynqprod.s3.amazonaws.com/uploads/datum_image/image/11001/2c328dde-cdeb-4ba8-9a00-e28caa1500ac.jpeg,1_1_1_7c,Picea engelmannii,16.68666667,harrisonjg,01:12:37:24,41.33761657,-106.2967348,1
874390,Whole Data Set,1,37.053711,14.94,3.87,-1.51,19.001,86,0.454,0.491,0.35,0.159,10.9294998,6/18/18 16:53,na,https://photosynqprod.s3.amazonaws.com/uploads/datum_image/image/11000/6fc88b40-bb31-49a5-b73a-0ed133450853.jpeg,1_1_1_8a,Picea engelmannii,16.89277778,harrisonjg,01:12:37:24,41.33781351,-106.2967387,
874389,Whole Data Set,1,35.699219,14.5,11.99,-1.55,27.623,127,0.419,0.483,0.364,0.152,1.429696731,6/18/18 16:55,na,https://photosynqprod.s3.amazonaws.com/uploads/datum_image/image/10999/c45bb5f1-915a-4478-9202-6fb7ba8e46e5.jpeg,1_1_1_8b,Picea engelmannii,16.92194444,harrisonjg,01:12:37:24,41.33784223,-106.296768,1
874388,Whole Data Set,1,36.870117,14.43,5.63,-1.32,32.005,159,0.351,0.447,0.409,0.144,0.003938558,6/18/18 16:57,na,https://photosynqprod.s3.amazonaws.com/uploads/datum_image/image/10998/4019a263-773e-4e7d-b7ad-604850ed43d9.jpeg,1_1_1_8c,Picea engelmannii,16.95527778,harrisonjg,01:12:37:24,41.3377833,-106.2967019,3
874387,Whole Data Set,1,58.780273,13.66,6.6,-1.67,41.304,967,0.725,0.095,0.525,0.38,3.430484443,6/19/18 8:33,na,https://photosynqprod.s3.amazonaws.com/uploads/datum_image/image/10997/ae53a17a-f7da-4960-b53d-306e18504b69.jpeg,1_1_2_1,juniperus communis,8.562777778,harrisonjg,01:12:37:24,41.33773716,-106.2964261,
874386,Whole Data Set,1,51.807617,14.83,3.51,-1.46,51.111,933,0.541,0.122,0.57,0.308,1.362741237,6/19/18 8:35,na,https://photosynqprod.s3.amazonaws.com/uploads/datum_image/image/10996/12119a28-1ac2-4318-adad-19b401c78545.jpeg,1_1_2_1b,juniperus communis,8.595555556,harrisonjg,01:12:37:24,41.33772181,-106.2964211,2
874385,Whole Data Set,1,50.039062,15.52,40.23,-2.25,52.456,683,0.112,0.171,0.746,0.084,3.076014179,6/19/18 8:37,na,https://photosynqprod.s3.amazonaws.com/uploads/datum_image/image/10995/c1db1ec5-81c3-4b22-ab6b-3a000e38eff9.jpeg,1_1_2_1c,juniperus communis,8.625,harrisonjg,01:12:37:24,41.33771955,-106.296452,1
874384,Whole Data Set,1,48.131836,15.77,2.76,0.83,48.765,758,0.608,0.143,0.533,0.324,4.568727846,6/19/18 8:46,na,https://photosynqprod.s3.amazonaws.com/uploads/datum_image/image/10994/fdf2fb49-e2c4-4272-a3ca-c47dced129af.jpeg,1_1_2_2a,juniperus communis,8.771666667,harrisonjg,01:12:37:24,41.33763766,-106.2964235,
874383,Whole Data Set,1,47.34668,16.43,4.82,-0.27,60.2,450,0.333,0.297,0.527,0.175,2.000787712,6/19/18 8:47,na,https://photosynqprod.s3.amazonaws.com/uploads/datum_image/image/10993/b8495aba-db44-418c-a66b-227583f08780.jpeg,1_1_2_2b,juniperus communis,8.799166667,harrisonjg,01:12:37:24,41.33759142,-106.2964224,1
874382,Whole Data Set,1,45.115234,16.639999,3.93,-0.159999,74.876,1051,0.468,0.158,0.574,0.268,5.75423395,6/19/18 8:49,na,https://photosynqprod.s3.amazonaws.com/uploads/datum_image/image/10992/b4966762-219e-4e8e-9046-0a5d85d2fb93.jpeg,1_1_2_2c,juniperus communis,8.828055556,harrisonjg,01:12:37:24,41.33762851,-106.2964062,1
874381,Whole Data Set,1,40.584961,18.309999,7.15,-1.779999,54.952,594,0.46,0.206,0.544,0.25,8.692398582,6/19/18 9:01,na,https://photosynqprod.s3.amazonaws.com/uploads/datum_image/image/10991/4f90b6c2-9b81-4cb8-8017-2a5b9f5cbd87.jpeg,1_1_2_3a,juniperus communis,9.023333333,harrisonjg,01:12:37:24,41.33755428,-106.2965103,1
874380,Whole Data Set,1,39.664062,17.780001,7.51,-1.620001,57.759,543,0.619,0.236,0.472,0.292,7.676250492,6/19/18 9:03,na,https://photosynqprod.s3.amazonaws.com/uploads/datum_image/image/10990/8544c7e6-f559-4611-bf28-745826cc073c.jpeg,1_1_2_3b,juniperus communis,9.065277778,harrisonjg,01:12:37:24,41.33758314,-106.296464,1
874379,Whole Data Set,1,39.758789,17.75,8.07,-2.38,91.259,470,0.463,0.431,0.389,0.18,1.45726664,6/19/18 9:05,na,https://photosynqprod.s3.amazonaws.com/uploads/datum_image/image/10989/855d7d2d-b85a-496a-b083-6b5a6fc7f4d9.jpeg,1_1_2_3c,juniperus communis,9.091666667,harrisonjg,01:12:37:24,41.33758796,-106.296503,1
874378,Whole Data Set,1,36.576172,18.51,8.23,-1.62,83.985,1246,0.216,0.15,0.699,0.151,3.796770382,6/19/18 9:14,na,https://photosynqprod.s3.amazonaws.com/uploads/datum_image/image/10988/67f5ece5-df56-407d-80a5-d52ee44b7f27.jpeg,1_1_2_4a,juniperus communis,9.246666667,harrisonjg,01:12:37:24,41.33758168,-106.2965803,1
874377,Whole Data Set,1,37.463867,18.4,15.36,-1.97,128.14,1342,1.64,0.212,0.298,0.489,8.026782198,6/19/18 9:16,na,https://photosynqprod.s3.amazonaws.com/uploads/datum_image/image/10987/79b9e51f-9c22-4f07-8719-f1887064eda4.jpeg,1_1_2_4b,juniperus communis,9.276944444,harrisonjg,01:12:37:24,41.33758905,-106.2965689,1
874376,Whole Data Set,1,39.40918,18.66,7.82,-2.81,58.427,1427,1.567,0.091,0.354,0.555,6.825521859,6/19/18 9:18,na,https://photosynqprod.s3.amazonaws.com/uploads/datum_image/image/10986/94c1f0d1-862b-47c2-9fa1-e6633a76e862.jpeg,1_1_2_4c,juniperus communis,9.305,harrisonjg,01:12:37:24,41.33757919,-106.2965881,
874375,Whole Data Set,1,34.625,20.379999,8.17,-4.049999,112.351,1462,0.508,0.171,0.55,0.279,4.052776684,6/19/18 9:24,na,https://photosynqprod.s3.amazonaws.com/uploads/datum_image/image/10985/4e359980-0bf2-4d9a-b2c7-ce57d7c9915e.jpeg,1_1_2_5a,juniperus communis,9.408333333,harrisonjg,01:12:37:24,41.33762676,-106.2965844,1
874374,Whole Data Set,1,35.837891,19.68,17.64,-3.25,158.581,1015,0.733,0.347,0.377,0.276,1.610870421,6/19/18 9:25,na,https://photosynqprod.s3.amazonaws.com/uploads/datum_image/image/10984/fd34e930-b1a9-409f-9001-78022bb818cc.jpeg,1_1_2_5b,juniperus communis,9.432777778,harrisonjg,01:12:37:24,41.33762114,-106.2965998,1
874373,Whole Data Set,1,38.677734,18.82,18.92,-2.29,147.224,914,0.619,0.358,0.397,0.245,-0.602599449,6/19/18 9:28,na,https://photosynqprod.s3.amazonaws.com/uploads/datum_image/image/10983/39e31746-d425-4b07-9b88-07f76a99ed80.jpeg,1_1_2_5c,juniperus communis,9.467777778,harrisonjg,01:12:37:24,41.33762035,-106.2965921,3
874372,Whole Data Set,1,35.913086,20.33,6.53,-2.04,101.705,1187,5.34,0.19,0.128,0.682,1.646317448,6/19/18 9:36,na,https://photosynqprod.s3.amazonaws.com/uploads/datum_image/image/10982/21ff94cb-bbd7-486c-81c1-6ec836bb03dc.jpeg,1_1_2_6,juniperus communis,9.600833333,harrisonjg,01:12:37:24,41.33778824,-106.296614,2
874371,Whole Data Set,1,36.461914,20.01,4.94,-2.62,115.918,1200,3.164,0.215,0.189,0.597,8.30641985,6/19/18 9:37,na,https://photosynqprod.s3.amazonaws.com/uploads/datum_image/image/10981/dca25e82-3769-4a52-a5a9-5f7f7c3e6d00.jpeg,1_1_2_6b,juniperus communis,9.623333333,harrisonjg,01:12:37:24,41.33773851,-106.2966267,2
874370,Whole Data Set,1,37.588867,19.76,5.74,-1.57,95.823,1008,1.095,0.211,0.377,0.412,-1.000393856,6/19/18 9:38,na,https://photosynqprod.s3.amazonaws.com/uploads/datum_image/image/10980/edf74599-af27-4796-9f9f-581e7f79aab0.jpeg,1_1_2_6c,juniperus communis,9.645277778,harrisonjg,01:12:37:24,41.33778299,-106.2966241,3
874369,Whole Data Set,1,34.732422,22.190001,30.72,-2.500001,140.752,999,0.31,0.313,0.524,0.163,4.785348562,6/19/18 9:46,na,https://photosynqprod.s3.amazonaws.com/uploads/datum_image/image/10979/07bfb75e-4b6b-4f51-96d8-404b796053a2.jpeg,1_1_2_7a,juniperus communis,9.770555556,harrisonjg,01:12:37:24,41.33787493,-106.2966116,1
874368,Whole Data Set,1,36.166016,21.049999,18.74,-3.659999,131.071,740,1.175,0.394,0.279,0.328,2.37101221,6/19/18 9:48,na,https://photosynqprod.s3.amazonaws.com/uploads/datum_image/image/10978/6979c17d-6f0a-4a08-b798-28fd2f12126e.jpeg,1_1_2_7b,juniperus communis,9.8,harrisonjg,01:12:37:24,41.33788986,-106.2966163,1
874367,Whole Data Set,1,37.724609,20.969999,25.05,-2.419999,120.883,671,0.656,0.4,0.362,0.238,6.675856636,6/19/18 9:49,na,https://photosynqprod.s3.amazonaws.com/uploads/datum_image/image/10977/ecadb799-869e-48ba-ab98-48200f6ffd23.jpeg,1_1_2_7c,juniperus communis,9.819722222,harrisonjg,01:12:37:24,41.33786637,-106.296637,1
874366,Whole Data Set,1,32.136719,21.42,31.73,-2.33,121.467,900,0.316,0.3,0.532,0.168,15.93146908,6/19/18 9:59,na,https://photosynqprod.s3.amazonaws.com/uploads/datum_image/image/10976/be0fcbbb-b316-48fb-a893-be4f9d626bee.jpeg,1_1_2_8a,juniperus communis,9.989166667,harrisonjg,01:12:37:24,0,0,1
874365,Whole Data Set,1,32.936523,20.610001,5.78,-2.720001,73.891,435,0.364,0.377,0.457,0.166,2.441906262,6/19/18 10:00,na,https://photosynqprod.s3.amazonaws.com/uploads/datum_image/image/10975/1070eb8d-2535-4d54-b1d0-1459bf98edf6.jpeg,1_1_2_8b,juniperus communis,10.0125,harrisonjg,01:12:37:24,0,0,
874364,Whole Data Set,1,30.829102,20.950001,6.55,0.289999,73.926,1624,0.321,0.101,0.681,0.218,4.304844427,6/19/18 10:11,na,https://photosynqprod.s3.amazonaws.com/uploads/datum_image/image/10974/ba81359e-df10-4ff3-9a12-8bdef24a9a47.jpeg,1_1_2_9,juniperus communis,10.18972222,harrisonjg,01:12:37:24,0,0,
874363,Whole Data Set,1,36.111328,24.809999,25.41,0.240001,139.805,1212,0.258,0.256,0.591,0.153,5.301299724,6/19/18 10:25,na,https://photosynqprod.s3.amazonaws.com/uploads/datum_image/image/10973/160b29cf-1d84-407b-9a9e-d98f24064550.jpeg,1_1_3_1,juniperus communis,10.43305556,harrisonjg,01:12:37:24,0,0,2
874362,Whole Data Set,1,36.046875,23.07,27.95,0.7,60.143,417,0.448,0.321,0.469,0.21,0.657739267,6/19/18 10:36,na,https://photosynqprod.s3.amazonaws.com/uploads/datum_image/image/10972/17953648-b177-44dd-9f2b-3db286fac4b6.jpeg,1_1_3_2,astragalus alpinus,10.60861111,harrisonjg,01:12:37:24,0,0,2
874361,Whole Data Set,1,36.448242,22.77,11.12,0.42,50.172,1734,0.599,0.064,0.585,0.35,0.941315479,6/19/18 10:38,na,https://photosynqprod.s3.amazonaws.com/uploads/datum_image/image/10971/8ffd27b8-8cb5-4a93-89ab-43a2ae62481d.jpeg,1_1_3_2b,astragalus alpinus,10.64666667,harrisonjg,01:12:37:24,0,0,3
874360,Whole Data Set,1,30.185547,22.700001,27.99,1.289999,90.238,588,0.414,0.341,0.466,0.193,8.995667586,6/19/18 10:47,na,https://photosynqprod.s3.amazonaws.com/uploads/datum_image/image/10970/82858c7c-c8e8-422d-aeb7-f1a848a7edad.jpeg,1_1_3_3,astragalus alpinus,10.79027778,harrisonjg,01:12:37:24,0,0,1
874359,Whole Data Set,1,35.958008,20.209999,8.41,-0.359999,106.527,985,0.414,0.24,0.537,0.223,0.385978732,6/19/18 10:59,na,https://photosynqprod.s3.amazonaws.com/uploads/datum_image/image/10969/4f852202-077e-45a7-b1fc-5eb678bba8ad.jpeg,1_1_3_4,astragalus alpinus,10.99666667,harrisonjg,01:12:37:24,0,0,3
874358,Whole Data Set,1,36.50293,19.870001,4.78,0.109999,56.958,662,0.342,0.191,0.603,0.206,13.07207562,6/19/18 11:08,na,https://photosynqprod.s3.amazonaws.com/uploads/datum_image/image/10968/ce2aaabf-2f52-415b-85bf-959fd66588c9.jpeg,1_1_3_5,astragalus alpinus,11.14444444,harrisonjg,01:12:37:24,0,0,
874357,Whole Data Set,1,35.958008,17.82,22.2,0.13,56.762,253,0.396,0.499,0.359,0.142,7.282394644,6/19/18 11:21,na,https://photosynqprod.s3.amazonaws.com/uploads/datum_image/image/10967/bdf036ca-fed7-41d2-9002-b5af3fbaa8d3.jpeg,1_1_3_6,astragalus alpinus,11.36055556,harrisonjg,01:12:37:24,0,0,1
874356,Whole Data Set,1,42.456055,17.120001,9.59,-0.850001,75.705,846,0.291,0.199,0.62,0.181,4.111855061,6/19/18 11:29,na,https://photosynqprod.s3.amazonaws.com/uploads/datum_image/image/10966/0000ed25-010f-4fe3-a69b-c50928438ab6.jpeg,1_1_3_7,astragalus alpinus,11.49694444,harrisonjg,01:12:37:24,0,0,1
874355,Whole Data Set,1,42.171875,15.72,19.24,-0.83,124.387,835,0.427,0.331,0.469,0.2,3.820401733,6/19/18 11:35,na,https://photosynqprod.s3.amazonaws.com/uploads/datum_image/image/10965/83d7a637-89ff-44b7-92ac-9f109247c8b8.jpeg,1_1_3_8,astragalus alpinus,11.59972222,harrisonjg,01:12:37:24,0,0,1
874354,Whole Data Set,1,41.998047,16.15,14.51,0.29,81.351,912,0.295,0.198,0.619,0.183,12.74517527,6/19/18 11:41,na,https://photosynqprod.s3.amazonaws.com/uploads/datum_image/image/10964/c9d95ce5-522b-4ea0-acb6-457959ffc435.jpeg,1_1_3_9,astragalus alpinus,11.68916667,harrisonjg,01:12:37:24,0,0,
874353,Whole Data Set,1,46.476562,17.85,17.18,-1.08,87.708,1624,0.134,0.12,0.776,0.104,3.721937771,6/19/18 11:45,na,https://photosynqprod.s3.amazonaws.com/uploads/datum_image/image/10963/4cdfacb3-014a-4a3c-ad76-5b0b0a770e1f.jpeg,1_1_3_10,astragalus alpinus,11.76611111,harrisonjg,01:12:37:24,0,0,1
874352,Whole Data Set,1,44.376953,19.02,14.37,-2.35,101.834,1848,1.78,0.122,0.316,0.562,25.41551792,6/19/18 14:09,na,https://photosynqprod.s3.amazonaws.com/uploads/datum_image/image/10962/6bc70799-441e-4329-88f2-820b7ae85ecd.jpeg,1_1_4_1,ribes montigenum,14.15861111,harrisonjg,01:12:37:24,0,0,
874351,Whole Data Set,1,55.861328,16.620001,34.1,0.049999,141.904,1154,1.11,0.273,0.344,0.382,15.37613234,6/19/18 14:20,na,https://photosynqprod.s3.amazonaws.com/uploads/datum_image/image/10961/a5558e1a-8983-46d5-ac0a-c1449a187d39.jpeg,1_1_4_2,ribes montigenum,14.34805556,harrisonjg,01:12:37:24,0,0,
874350,Whole Data Set,1,54.728516,16.190001,17.96,0.339999,127.681,2011,1.735,0.141,0.314,0.545,34.54115794,6/19/18 14:23,na,https://photosynqprod.s3.amazonaws.com/uploads/datum_image/image/10960/640e486d-037c-498a-b9a3-48b76c5e64dc.jpeg,1_1_4_3,ribes montigenum,14.38805556,harrisonjg,01:12:37:24,0,0,
874349,Whole Data Set,1,63.385742,16.040001,33.13,0.029999,135.452,1884,2.734,0.16,0.225,0.615,19.33438362,6/19/18 14:27,na,https://photosynqprod.s3.amazonaws.com/uploads/datum_image/image/10959/e14b7cae-3929-4982-8306-cbd6ff1758df.jpeg,1_1_4_5,ribes montigenum,14.46638889,harrisonjg,01:12:37:24,0,0,
874348,Whole Data Set,1,58.538086,15.75,15.97,0.21,105.198,1935,3.092,0.121,0.215,0.664,7.376920047,6/19/18 14:32,na,https://photosynqprod.s3.amazonaws.com/uploads/datum_image/image/10958/ac7834d0-45c7-4b94-b1a9-2a1788e7e394.jpeg,1_1_4_5 real five other five should b 4,ribes montigenum,14.54527778,harrisonjg,01:12:37:24,0,0,
874347,Whole Data Set,1,56.186523,17.75,17.54,-0.92,129.96,1873,2.155,0.154,0.268,0.578,17.58566365,6/19/18 14:38,na,https://photosynqprod.s3.amazonaws.com/uploads/datum_image/image/10957/2b435547-fa0c-437e-8030-abcc66b27377.jpeg,1_1_4_6,ribes montigenum,14.64555556,harrisonjg,01:12:37:24,0,0,
874346,Whole Data Set,1,53.620117,15.26,47.74,0.33,25.9,109,0.767,0.528,0.267,0.205,2.146514376,6/19/18 14:43,na,https://photosynqprod.s3.amazonaws.com/uploads/datum_image/image/10956/cc4d8131-5d6f-4226-b774-7480dc2b238f.jpeg,1_1_4_7,ribes montigenum,14.72527778,harrisonjg,01:12:37:24,0,0,2
874345,Whole Data Set,1,55.862305,16.719999,2.84,-1.089999,180.302,1798,1.273,0.223,0.342,0.435,43.88735723,6/19/18 14:51,na,https://photosynqprod.s3.amazonaws.com/uploads/datum_image/image/10955/c19d3161-ccba-4be9-a6a6-977ad83c5a1d.jpeg,1_1_4_8,ribes montigenum,14.85583333,harrisonjg,01:12:37:24,0,0,
874344,Whole Data Set,1,53.283203,16.459999,53.01,-1.569999,12.273,52,0.597,0.525,0.298,0.178,42.80425364,6/19/18 14:57,na,https://photosynqprod.s3.amazonaws.com/uploads/datum_image/image/10954/27448d14-31a7-4b2c-acb0-5b09651014a2.jpeg,1_1_4_9,ribes montigenum,14.9525,harrisonjg,01:12:37:24,0,0,
874343,Whole Data Set,1,51.985352,14.89,11.76,-0.96,31.274,141,0.792,0.493,0.283,0.224,23.15084679,6/19/18 15:03,na,https://photosynqprod.s3.amazonaws.com/uploads/datum_image/image/10953/8d6c363b-ff24-493d-ba68-681ecf0c5e31.jpeg,1_1_4_10,ribes montigenum,15.05638889,harrisonjg,01:12:37:24,0,0,
874342,Whole Data Set,1,55.013672,16.950001,7.47,-0.670001,193.979,1910,1.255,0.226,0.343,0.431,3.387160299,6/19/18 15:10,na,https://photosynqprod.s3.amazonaws.com/uploads/datum_image/image/10952/ba428767-709b-47d0-8361-5465a1e32a1b.jpeg,1_1_5_1,potentilla divisifolia,15.17222222,harrisonjg,01:12:37:24,0,0,
874341,Whole Data Set,1,51.000977,18.68,1,-0.89,192.122,1849,0.976,0.231,0.389,0.38,15.31705396,6/19/18 15:20,na,https://photosynqprod.s3.amazonaws.com/uploads/datum_image/image/10951/eedb41a5-903f-4b4f-96eb-6fe2ba5bdbf3.jpeg,1_1_5_2,potentilla divisifolia,15.33833333,harrisonjg,01:12:37:24,0,0,
874340,Whole Data Set,1,54.046875,17.799999,12.23,-1.639999,149.763,1605,0.985,0.207,0.399,0.393,23.19810949,6/19/18 15:27,na,https://photosynqprod.s3.amazonaws.com/uploads/datum_image/image/10950/cbd362a4-50bd-408b-977e-15e4c29bc439.jpeg,1_1_5_3,potentilla divisifolia,15.46444444,harrisonjg,01:12:37:24,0,0,
874339,Whole Data Set,1,49.165039,19.690001,10.82,-2.920001,145.115,1602,0.293,0.201,0.618,0.181,7.522646711,6/19/18 15:33,na,https://photosynqprod.s3.amazonaws.com/uploads/datum_image/image/10949/7a442fa5-0172-4b40-a0ee-2c2033c6f31c.jpeg,1_1_5_4,potentilla divisifolia,15.5525,harrisonjg,01:12:37:24,0,0,1
874338,Whole Data Set,1,49.249023,18.799999,9.36,-1.309999,204.044,1513,1.492,0.3,0.281,0.419,3.095706971,6/19/18 15:39,na,https://photosynqprod.s3.amazonaws.com/uploads/datum_image/image/10948/7d3be9f5-aeaf-44fe-a4ec-d556fcb130f6.jpeg,1_1_5_5,potentilla divisifolia,15.65944444,harrisonjg,01:12:37:24,0,0,1
874337,Whole Data Set,1,48.087891,20.620001,8.51,-2.430001,217.895,1488,0.943,0.325,0.347,0.327,25.25009846,6/19/18 15:45,na,https://photosynqprod.s3.amazonaws.com/uploads/datum_image/image/10947/acbce50c-6ad2-417a-b586-ed70f305c256.jpeg,1_1_5_6,potentilla divisifolia,15.76,harrisonjg,01:12:37:24,0,0,
874336,Whole Data Set,1,54.025391,18.33,17.11,-2.7,162.594,1907,1.211,0.189,0.367,0.444,38.8617566,6/19/18 15:49,na,https://photosynqprod.s3.amazonaws.com/uploads/datum_image/image/10946/5f76015c-90f1-4d39-a378-9e748c14d35e.jpeg,1_1_5_7,potentilla divisifolia,15.82,harrisonjg,01:12:37:24,0,0,
874335,Whole Data Set,1,49.202148,19.73,18.21,-2,97.332,1311,0.239,0.165,0.674,0.161,4.084285152,6/19/18 15:57,na,https://photosynqprod.s3.amazonaws.com/uploads/datum_image/image/10945/4a727738-4199-486c-9a28-fd932f83552b.jpeg,1_1_5_8,potentilla divisifolia,15.95166667,harrisonjg,01:12:37:24,0,0,2
874334,Whole Data Set,1,62.804688,17.35,12.74,-0.92,165.611,1741,0.549,0.211,0.509,0.279,24.39936983,6/19/18 16:01,na,https://photosynqprod.s3.amazonaws.com/uploads/datum_image/image/10944/d33a42af-69e6-41fe-b8e6-19517c7c1917.jpeg,1_1_5_9,potentilla divisifolia,16.01805556,harrisonjg,01:12:37:24,0,0,
874333,Whole Data Set,1,51.914062,19.120001,35.03,-2.130001,155.626,1775,0.585,0.195,0.508,0.297,12.29224104,6/19/18 16:05,na,https://photosynqprod.s3.amazonaws.com/uploads/datum_image/image/10943/5dba9b7f-48e6-464c-bce3-6627c30ed02f.jpeg,1_1_5_10,potentilla divisifolia,16.09583333,harrisonjg,01:12:37:24,0,0,1
874332,Whole Data Set,1,43.386719,22.27,10.09,-1.23,171.663,1354,1.553,0.282,0.281,0.437,19.66916109,6/19/18 16:15,na,https://photosynqprod.s3.amazonaws.com/uploads/datum_image/image/10942/c35ceee8-e534-4289-a505-97d87c08013b.jpeg,1_1_6_1,bistorta bistortoides,16.26527778,harrisonjg,01:12:37:24,0,0,
874331,Whole Data Set,1,46.766602,18.25,10.6,-2.4,180.71,1515,2.222,0.265,0.228,0.507,52.26073257,6/19/18 16:23,na,https://photosynqprod.s3.amazonaws.com/uploads/datum_image/image/10941/b72932dc-48d4-4efc-8de4-209bf6b87363.jpeg,1_1_6_2,bistorta bistortoides,16.39833333,harrisonjg,01:12:37:24,0,0,
874330,Whole Data Set,1,49.34668,18.99,4.44,-0.74,108.353,588,1.6,0.409,0.227,0.363,25.56518314,6/19/18 16:27,na,https://photosynqprod.s3.amazonaws.com/uploads/datum_image/image/10940/3266f0f4-8417-4eb6-8857-12d298395eb3.jpeg,1_1_6_3,bistorta bistortoides,16.46444444,harrisonjg,01:12:37:24,0,0,
874329,Whole Data Set,1,56.956055,17.139999,21.69,-0.769999,192.118,1375,0.47,0.31,0.469,0.221,11.68176447,6/19/18 16:35,na,https://photosynqprod.s3.amazonaws.com/uploads/datum_image/image/10939/a1db76dd-6f4d-4906-a71f-5c23fc7ea6f4.jpeg,1_1_6_4,bistorta bistortoides,16.59833333,harrisonjg,01:12:37:24,0,0,1
874328,Whole Data Set,1,54.137695,17.92,5.1,-0.3,98.553,939,0.391,0.233,0.551,0.215,46.06538007,6/19/18 16:42,na,https://photosynqprod.s3.amazonaws.com/uploads/datum_image/image/10938/2e3179a2-366d-40a7-9168-550f2b435a5c.jpeg,1_1_6_5,bistorta bistortoides,16.7,harrisonjg,01:12:37:24,0,0,
874327,Whole Data Set,1,51.114258,15.76,7.3,-1.19,39.171,192,0.726,0.453,0.317,0.23,11.14612052,6/19/18 16:45,na,https://photosynqprod.s3.amazonaws.com/uploads/datum_image/image/10937/d8158b64-40a7-4a10-b05d-6b9342c0cbda.jpeg,1_1_6_6,bistorta bistortoides,16.75444444,harrisonjg,01:12:37:24,0,0,
874326,Whole Data Set,1,46.237305,16.700001,50.77,-1.280001,91.921,680,0.628,0.3,0.43,0.27,6.801890508,6/19/18 16:49,na,https://photosynqprod.s3.amazonaws.com/uploads/datum_image/image/10936/5b9f0e44-3987-407e-9652-5953de921910.jpeg,1_1_6_7,bistorta bistortoides,16.82777778,harrisonjg,01:12:37:24,0,0,1
874325,Whole Data Set,1,51.438477,15.51,11.65,-1.36,128.506,1030,1.641,0.277,0.274,0.449,-0.063016936,6/19/18 16:53,na,https://photosynqprod.s3.amazonaws.com/uploads/datum_image/image/10935/345cd4b0-71d9-4fb1-9d8a-e4e49609ba98.jpeg,1_1_6_8,bistorta bistortoides,16.88944444,harrisonjg,01:12:37:24,0,0,3
874324,Whole Data Set,1,50.52832,15.12,10.93,-2.13,107.43,899,1.091,0.266,0.351,0.383,1.965340685,6/19/18 16:55,na,https://photosynqprod.s3.amazonaws.com/uploads/datum_image/image/10934/79965bc9-fa73-4f47-8cac-a2dce4795a98.jpeg,1_1_8_b,bistorta bistortoides,16.92388889,harrisonjg,01:12:37:24,0,0,2
874323,Whole Data Set,1,50.463867,14.92,2.1,-2.09,121.668,826,0.885,0.327,0.357,0.316,55.90783773,6/19/18 16:57,na,https://photosynqprod.s3.amazonaws.com/uploads/datum_image/image/10933/4dc4e162-0ab6-4001-8d27-67628a8bdc5a.jpeg,1_1_6_9,bistorta bistortoides,16.9625,harrisonjg,01:12:37:24,0,0,
874322,Whole Data Set,1,52.679688,14.28,10.77,-1.13,63.111,328,1.407,0.428,0.238,0.335,49.65340685,6/19/18 17:02,na,https://photosynqprod.s3.amazonaws.com/uploads/datum_image/image/10932/53352714-1113-4f5f-877c-20ecdceb7c91.jpeg,1_1_6_10,bistorta bistortoides,17.03527778,harrisonjg,01:12:37:24,0,0,
874321,Whole Data Set,1,49.739258,16.459999,7.15,-1.949999,113.109,1077,0.929,0.233,0.397,0.369,4.340291453,6/19/18 17:14,na,https://photosynqprod.s3.amazonaws.com/uploads/datum_image/image/10931/d1f0951c-f8fb-4e5e-9185-4f3a4c94f89f.jpeg,1_1_7_1,polemonium viscosa,17.24527778,harrisonjg,01:12:37:24,0,0,1
874320,Whole Data Set,1,48.212891,15.72,12.49,-0.77,92.14,867,0.614,0.236,0.473,0.291,5.317053958,6/19/18 17:25,na,https://photosynqprod.s3.amazonaws.com/uploads/datum_image/image/10930/76bb9f80-7784-4dc1-b506-ab1dee61fb13.jpeg,1_1_7_2,polemonium viscosa,17.43055556,harrisonjg,01:12:37:24,0,0,1
874319,Whole Data Set,1,48.708008,15.56,5.51,-2.09,103.046,958,0.546,0.239,0.492,0.269,2.111067349,6/19/18 17:29,na,https://photosynqprod.s3.amazonaws.com/uploads/datum_image/image/10929/3e22269a-f622-44c7-995f-efd550cccb18.jpeg,1_1_7_3,polemonium viscosa,17.49305556,harrisonjg,01:12:37:24,0,0,1
874318,Whole Data Set,1,50.274414,15.23,9.52,-1.92,70.27,530,0.281,0.295,0.551,0.155,3.198109492,6/19/18 17:34,na,https://photosynqprod.s3.amazonaws.com/uploads/datum_image/image/10928/fe4e88f9-caa7-4baa-87a6-190051eecbcd.jpeg,1_1_7_4,polemonium viscosa,17.58194444,harrisonjg,01:12:37:24,0,0,1
874317,Whole Data Set,1,47.49707,15.15,22.97,-2.2,106.174,1461,2.772,0.161,0.222,0.616,-0.602599449,6/19/18 17:42,na,https://photosynqprod.s3.amazonaws.com/uploads/datum_image/image/10927/6f4a9cb1-1f20-46a5-bbbf-4e11b5b9bc66.jpeg,1_1_7_5,polemonium viscosa,17.70055556,harrisonjg,01:12:37:24,0,0,2
874316,Whole Data Set,1,50.900391,13.81,22.91,-0.38,87.571,1248,0.608,0.156,0.525,0.319,3.517132729,6/19/18 17:47,na,https://photosynqprod.s3.amazonaws.com/uploads/datum_image/image/10926/553b741e-8df3-4bba-a1c6-945b12e363e9.jpeg,1_1_7_6,polemonium viscosa,17.7875,harrisonjg,01:12:37:24,0,0,1
874315,Whole Data Set,1,50.408203,14.25,29.85,-1.46,64.397,339,0.885,0.422,0.307,0.271,0.370224498,6/19/18 17:51,na,https://photosynqprod.s3.amazonaws.com/uploads/datum_image/image/10925/702de021-efc9-4c5e-96fc-50e531dac14b.jpeg,1_1_7_7,polemonium viscosa,17.86555556,harrisonjg,01:12:37:24,0,0,2
874314,Whole Data Set,1,52.134766,12.83,24.87,-1.22,47.249,230,0.544,0.457,0.352,0.191,2.63095707,6/19/18 17:56,na,https://photosynqprod.s3.amazonaws.com/uploads/datum_image/image/10924/3c1b447d-54c9-4f15-97c4-4b17a5c919ef.jpeg,1_1_7_8,polemonium viscosa,17.94277778,harrisonjg,01:12:37:24,0,0,2
874313,Whole Data Set,1,52.882812,12.43,16.66,-1.04,105.59,990,1.195,0.237,0.348,0.415,2.615202836,6/19/18 18:02,na,https://photosynqprod.s3.amazonaws.com/uploads/datum_image/image/10923/3d2b36a8-b8c9-4228-98e7-3ca2704765e1.jpeg,1_1_7_9,polemonium viscosa,18.04666667,harrisonjg,01:12:37:24,0,0,1
874312,Whole Data Set,1,52.136719,13.02,5.14,-0.84,92.213,720,1.146,0.285,0.333,0.382,12.98148878,6/19/18 18:06,na,https://photosynqprod.s3.amazonaws.com/uploads/datum_image/image/10922/ede423e7-39c2-4490-bf44-38d7e444df23.jpeg,1_1_7_10,polemonium viscosa,18.11083333,harrisonjg,01:12:37:24,0,0,1
858603,Whole Data Set,1,22.506836,28.450001,24.71,-1.280001,1.744,10,4.747,0.388,0.107,0.506,-2.284363923,6/8/18 10:26,ii,https://photosynqprod.s3.amazonaws.com/uploads/datum_image/image/10840/2feba667-7c06-462d-95eb-ee37efef1444.jpeg,test,test,10.43777778,harrisonjg,01:12:37:24,41.3129806,-105.5849395,4
858465,Whole Data Set,1,22.490234,27.690001,1.86,-1.340001,0.267,8,70.583,0.074,0.013,0.913,38.05041355,6/8/18 9:20,na,https://photosynqprod.s3.amazonaws.com/uploads/datum_image/image/10839/130c211e-e030-4469-b7bc-91b1e20a81b5.jpeg,test,ztest,9.335833333,harrisonjg,01:12:37:24,41.31296042,-105.5851105,1
858461,Whole Data Set,1,21.916016,27.030001,26.44,-0.920001,4.059,56,15.059,0.161,0.052,0.787,3.001181568,6/8/18 9:24,na,https://photosynqprod.s3.amazonaws.com/uploads/datum_image/image/10838/870102eb-64fa-4d8a-95df-8876fe70ca20.jpeg,test,ztest,9.403611111,harrisonjg,01:12:37:24,41.31267939,-105.5843256,1
858458,Whole Data Set,1,22.558594,26.379999,5.4,-0.849999,6.651,82,12.76,0.18,0.06,0.76,0.693186294,6/8/18 9:26,na,https://photosynqprod.s3.amazonaws.com/uploads/datum_image/image/10837/86ba3f5a-3cd9-477c-9456-4f45aae4e3dc.jpeg,spruce,ztest,9.442777778,harrisonjg,01:12:37:24,41.31264641,-105.5843676,1
858454,Whole Data Set,1,28.928711,26.959999,3.11,-1.429999,72.656,949,0.479,0.17,0.561,0.269,0.803465931,6/8/18 9:28,na,https://photosynqprod.s3.amazonaws.com/uploads/datum_image/image/10836/674804ac-4e91-404b-a4d1-a54817bba350.jpeg,grass,ztest,9.474166667,harrisonjg,01:12:37:24,41.3126926,-105.5843974,2
858450,Whole Data Set,1,28.015625,26.66,1.31,-1.09,15.585,91,1.548,0.381,0.243,0.376,13.65892083,6/8/18 9:30,na,https://photosynqprod.s3.amazonaws.com/uploads/datum_image/image/10835/e0f84a48-07ac-4244-988f-ab14ce00414f.jpeg,horticultural thing,ztest,9.506388889,harrisonjg,01:12:37:24,41.31261374,-105.5840795,1
858447,Whole Data Set,1,26.320312,25.98,11.75,-0.14,25.461,150,1.192,0.377,0.284,0.339,12.87120914,6/8/18 9:31,na,https://photosynqprod.s3.amazonaws.com/uploads/datum_image/image/10834/43ddca86-7309-427e-b97b-c2f3662439be.jpeg,hort,ztest,9.530555556,harrisonjg,01:12:37:24,41.31264074,-105.5840842,
858442,Whole Data Set,1,31.115234,25.700001,33.32,0.859999,15.46,88,1.385,0.39,0.256,0.354,12.35525798,6/8/18 9:33,na,https://photosynqprod.s3.amazonaws.com/uploads/datum_image/image/10833/52cd73d9-1ec2-402b-9729-a9f046670abe.jpeg,hort3,ztest,9.552222222,harrisonjg,01:12:37:24,41.31260952,-105.5841522,
858439,Whole Data Set,1,35.210938,25.5,71.15,-1.55,21.863,94,1.271,0.517,0.213,0.27,24.69870028,6/8/18 9:34,na,https://photosynqprod.s3.amazonaws.com/uploads/datum_image/image/10832/875c9557-95c7-475f-84c2-1aca78244217.jpeg,oak,ztest,9.573055556,harrisonjg,01:12:37:24,41.31264031,-105.5841454,1
858435,Whole Data Set,1,25.62793,25.24,72.17,-1.57,16.97,74,1.121,0.51,0.231,0.259,19.70066955,6/8/18 9:35,na,https://photosynqprod.s3.amazonaws.com/uploads/datum_image/image/10831/e8d0013e-e54e-48d7-893e-05fac14e1c41.jpeg,oak,ztest,9.597222222,harrisonjg,01:12:37:24,41.31263439,-105.5840881,
858431,Whole Data Set,1,27.274414,25.35,33.34,-1.62,173.198,1680,0.499,0.229,0.514,0.257,4.529342261,6/8/18 9:37,na,https://photosynqprod.s3.amazonaws.com/uploads/datum_image/image/10830/7c2b32bd-c9e0-4719-ad73-32d2a760970b.jpeg,ristle,ztest,9.628611111,harrisonjg,01:12:37:24,41.31245275,-105.5844256,1
858428,Whole Data Set,1,27.889648,26.41,30.97,-2.14,174.77,1828,0.154,0.212,0.682,0.105,10.71287909,6/8/18 9:39,na,https://photosynqprod.s3.amazonaws.com/uploads/datum_image/image/10829/e5c3502e-7dd7-41f3-b310-991dcecfc1f1.jpeg,bristle,ztest,9.653611111,harrisonjg,01:12:37:24,41.31246929,-105.5844356,1
858427,Whole Data Set,1,35.674805,26.93,14.77,-2.8,191.76,1356,1.547,0.314,0.269,0.416,8.172508862,6/8/18 9:41,na,https://photosynqprod.s3.amazonaws.com/uploads/datum_image/image/10828/4d15e051-f668-49eb-89df-95a194e7574b.jpeg,lacy leaf,ztest,9.685833333,harrisonjg,01:12:37:24,41.31250349,-105.5845698,
858426,Whole Data Set,1,38.792969,26.959999,18.04,-1.259999,145.241,1016,0.682,0.318,0.406,0.277,9.877904687,6/8/18 9:42,na,https://photosynqprod.s3.amazonaws.com/uploads/datum_image/image/10827/7e5bf686-d9a1-4bd8-91e3-c22ab1aca36b.jpeg,lacy leaf,ztest,9.708055556,harrisonjg,01:12:37:24,41.31255683,-105.5846166,
858425,Whole Data Set,1,39.751953,26.969999,13.57,-1.309999,221.895,1407,1.547,0.35,0.255,0.395,4.312721544,6/8/18 9:44,na,https://photosynqprod.s3.amazonaws.com/uploads/datum_image/image/10826/0ccdf92d-d48d-407f-b464-269c2f0a224b.jpeg,potfru,ztest,9.7375,harrisonjg,01:12:37:24,41.31244749,-105.584875,1
858424,Whole Data Set,1,31.888672,26.389999,13.32,-1.639999,177.684,1564,1.897,0.252,0.258,0.49,15.62820008,6/8/18 9:47,na,https://photosynqprod.s3.amazonaws.com/uploads/datum_image/image/10825/758c1ad0-c214-4f3d-bc36-b3de20fdac8d.jpeg,potffu2,ztest,9.788888889,harrisonjg,01:12:37:24,41.31240909,-105.5848051,
858422,Whole Data Set,1,33.163086,26.940001,10.62,-0.590001,33.496,188,3.72,0.396,0.128,0.476,32.57187869,6/8/18 9:49,na,https://photosynqprod.s3.amazonaws.com/uploads/datum_image/image/10824/1650dcab-effb-4b17-862c-b10cf8b45e6e.jpeg,bromeliad,ztest,9.819166667,harrisonjg,01:12:37:24,41.31258235,-105.5848493,
858420,Whole Data Set,1,33.696289,27.290001,8.29,-1.240001,13.123,54,1.256,0.54,0.204,0.256,21.97715636,6/8/18 9:50,na,https://photosynqprod.s3.amazonaws.com/uploads/datum_image/image/10823/44361c9f-642c-4a06-a233-89e16b107593.jpeg,geranium,ztest,9.845555556,harrisonjg,01:12:37:24,41.31262495,-105.5847756,